r_date;warehouse_id;measure_unit_id;fact;type_flow_id
2019-01-01;28999900;1;0;1
2019-01-01;28999900;1;0;2
2019-01-01;28999900;1;0;3
2019-01-02;28999900;1;2;1
2019-01-02;28999900;1;0;2
2019-01-02;28999900;1;0;3
2019-01-03;28999900;1;1919;1
2019-01-03;28999900;1;1470;2
2019-01-03;28999900;1;2;3
2019-01-04;28999900;1;25241;1
2019-01-04;28999900;1;8990;2
2019-01-04;28999900;1;897;3
2019-01-05;28999900;1;29824;1
2019-01-05;28999900;1;11201;2
2019-01-05;28999900;1;633;3
2019-01-06;28999900;1;16567;1
2019-01-06;28999900;1;5414;2
2019-01-06;28999900;1;207;3
2019-01-07;28999900;1;6852;1
2019-01-07;28999900;1;2334;2
2019-01-07;28999900;1;760;3
2019-01-08;28999900;1;19554;1
2019-01-08;28999900;1;6978;2
2019-01-08;28999900;1;461;3
2019-01-09;28999900;1;26472;1
2019-01-09;28999900;1;9848;2
2019-01-09;28999900;1;1078;3
2019-01-10;28999900;1;33603;1
2019-01-10;28999900;1;15705;2
2019-01-10;28999900;1;2386;3
2019-01-11;28999900;1;32939;1
2019-01-11;28999900;1;15314;2
2019-01-11;28999900;1;3003;3
2019-01-12;28999900;1;23114;1
2019-01-12;28999900;1;11153;2
2019-01-12;28999900;1;2688;3
2019-01-13;28999900;1;18597;1
2019-01-13;28999900;1;8184;2
2019-01-13;28999900;1;1900;3
2019-01-14;28999900;1;26301;1
2019-01-14;28999900;1;11453;2
2019-01-14;28999900;1;1764;3
2019-01-15;28999900;1;31862;1
2019-01-15;28999900;1;15270;2
2019-01-15;28999900;1;3076;3
2019-01-16;28999900;1;26761;1
2019-01-16;28999900;1;15149;2
2019-01-16;28999900;1;3503;3
2019-01-17;28999900;1;20721;1
2019-01-17;28999900;1;14020;2
2019-01-17;28999900;1;2917;3
2019-01-18;28999900;1;34271;1
2019-01-18;28999900;1;15944;2
2019-01-18;28999900;1;3095;3
2019-01-19;28999900;1;25204;1
2019-01-19;28999900;1;12693;2
2019-01-19;28999900;1;3173;3
2019-01-20;28999900;1;19078;1
2019-01-20;28999900;1;10106;2
2019-01-20;28999900;1;1555;3
2019-01-21;28999900;1;20184;1
2019-01-21;28999900;1;7425;2
2019-01-21;28999900;1;424;3
2019-01-22;28999900;1;25651;1
2019-01-22;28999900;1;14544;2
2019-01-22;28999900;1;2795;3
2019-01-23;28999900;1;34537;1
2019-01-23;28999900;1;17011;2
2019-01-23;28999900;1;2706;3
2019-01-24;28999900;1;31647;1
2019-01-24;28999900;1;14763;2
2019-01-24;28999900;1;3099;3
2019-01-25;28999900;1;29996;1
2019-01-25;28999900;1;14077;2
2019-01-25;28999900;1;2758;3
2019-01-26;28999900;1;24820;1
2019-01-26;28999900;1;12049;2
2019-01-26;28999900;1;2614;3
2019-01-27;28999900;1;15904;1
2019-01-27;28999900;1;8100;2
2019-01-27;28999900;1;1870;3
2019-01-28;28999900;1;22205;1
2019-01-28;28999900;1;9669;2
2019-01-28;28999900;1;859;3
2019-01-29;28999900;1;32053;1
2019-01-29;28999900;1;14642;2
2019-01-29;28999900;1;2688;3
2019-01-30;28999900;1;36585;1
2019-01-30;28999900;1;16417;2
2019-01-30;28999900;1;2740;3
2019-01-31;28999900;1;32770;1
2019-01-31;28999900;1;14750;2
2019-01-31;28999900;1;2645;3
2019-02-01;28999900;1;24595;1
2019-02-01;28999900;1;13445;2
2019-02-01;28999900;1;2979;3
2019-02-02;28999900;1;29131;1
2019-02-02;28999900;1;14134;2
2019-02-02;28999900;1;3045;3
2019-02-03;28999900;1;36625;1
2019-02-03;28999900;1;14524;2
2019-02-03;28999900;1;2265;3
2019-02-04;28999900;1;26582;1
2019-02-04;28999900;1;10530;2
2019-02-04;28999900;1;812;3
2019-02-05;28999900;1;33792;1
2019-02-05;28999900;1;15741;2
2019-02-05;28999900;1;2492;3
2019-02-06;28999900;1;36480;1
2019-02-06;28999900;1;14910;2
2019-02-06;28999900;1;2718;3
2019-02-07;28999900;1;30342;1
2019-02-07;28999900;1;14236;2
2019-02-07;28999900;1;2524;3
2019-02-08;28999900;1;26639;1
2019-02-08;28999900;1;13672;2
2019-02-08;28999900;1;2653;3
2019-02-09;28999900;1;37157;1
2019-02-09;28999900;1;17344;2
2019-02-09;28999900;1;3639;3
2019-02-10;28999900;1;19650;1
2019-02-10;28999900;1;9215;2
2019-02-10;28999900;1;1232;3
2019-02-11;28999900;1;23050;1
2019-02-11;28999900;1;10256;2
2019-02-11;28999900;1;945;3
2019-02-12;28999900;1;33253;1
2019-02-12;28999900;1;15417;2
2019-02-12;28999900;1;2506;3
2019-02-13;28999900;1;30016;1
2019-02-13;28999900;1;15106;2
2019-02-13;28999900;1;3296;3
2019-02-14;28999900;1;28889;1
2019-02-14;28999900;1;14815;2
2019-02-14;28999900;1;3106;3
2019-02-15;28999900;1;34021;1
2019-02-15;28999900;1;15543;2
2019-02-15;28999900;1;2606;3
2019-02-16;28999900;1;24459;1
2019-02-16;28999900;1;12334;2
2019-02-16;28999900;1;2686;3
2019-02-17;28999900;1;19199;1
2019-02-17;28999900;1;8975;2
2019-02-17;28999900;1;2089;3
2019-02-18;28999900;1;25656;1
2019-02-18;28999900;1;11208;2
2019-02-18;28999900;1;685;3
2019-02-19;28999900;1;26400;1
2019-02-19;28999900;1;12788;2
2019-02-19;28999900;1;2417;3
2019-02-20;28999900;1;35004;1
2019-02-20;28999900;1;16370;2
2019-02-20;28999900;1;2959;3
2019-02-21;28999900;1;33688;1
2019-02-21;28999900;1;16838;2
2019-02-21;28999900;1;3421;3
2019-02-22;28999900;1;36001;1
2019-02-22;28999900;1;15424;2
2019-02-22;28999900;1;2646;3
2019-02-23;28999900;1;26155;1
2019-02-23;28999900;1;11109;2
2019-02-23;28999900;1;2839;3
2019-02-24;28999900;1;19483;1
2019-02-24;28999900;1;7748;2
2019-02-24;28999900;1;2110;3
2019-02-25;28999900;1;23399;1
2019-02-25;28999900;1;10240;2
2019-02-25;28999900;1;1203;3
2019-02-26;28999900;1;27263;1
2019-02-26;28999900;1;14357;2
2019-02-26;28999900;1;2588;3
2019-02-27;28999900;1;32261;1
2019-02-27;28999900;1;13390;2
2019-02-27;28999900;1;2453;3
2019-02-28;28999900;1;28119;1
2019-02-28;28999900;1;14910;2
2019-02-28;28999900;1;3630;3
2019-03-01;28999900;1;33208;1
2019-03-01;28999900;1;15477;2
2019-03-01;28999900;1;2538;3
2019-03-02;28999900;1;30042;1
2019-03-02;28999900;1;13637;2
2019-03-02;28999900;1;2948;3
2019-03-03;28999900;1;28307;1
2019-03-03;28999900;1;10092;2
2019-03-03;28999900;1;1592;3
2019-03-04;28999900;1;24714;1
2019-03-04;28999900;1;11876;2
2019-03-04;28999900;1;908;3
2019-03-05;28999900;1;33231;1
2019-03-05;28999900;1;16547;2
2019-03-05;28999900;1;2615;3
2019-03-06;28999900;1;23824;1
2019-03-06;28999900;1;15060;2
2019-03-06;28999900;1;3354;3
2019-03-07;28999900;1;22536;1
2019-03-07;28999900;1;13437;2
2019-03-07;28999900;1;3092;3
2019-03-08;28999900;1;35801;1
2019-03-08;28999900;1;15474;2
2019-03-08;28999900;1;2893;3
2019-03-09;28999900;1;25463;1
2019-03-09;28999900;1;9971;2
2019-03-09;28999900;1;1403;3
2019-03-10;28999900;1;21329;1
2019-03-10;28999900;1;7441;2
2019-03-10;28999900;1;849;3
2019-03-11;28999900;1;20587;1
2019-03-11;28999900;1;9631;2
2019-03-11;28999900;1;622;3
2019-03-12;28999900;1;31136;1
2019-03-12;28999900;1;14060;2
2019-03-12;28999900;1;2686;3
2019-03-13;28999900;1;34877;1
2019-03-13;28999900;1;15983;2
2019-03-13;28999900;1;3328;3
2019-03-14;28999900;1;30891;1
2019-03-14;28999900;1;14796;2
2019-03-14;28999900;1;3129;3
2019-03-15;28999900;1;27977;1
2019-03-15;28999900;1;12055;2
2019-03-15;28999900;1;2639;3
2019-03-16;28999900;1;27921;1
2019-03-16;28999900;1;12488;2
2019-03-16;28999900;1;2588;3
2019-03-17;28999900;1;24950;1
2019-03-17;28999900;1;9938;2
2019-03-17;28999900;1;1247;3
2019-03-18;28999900;1;25612;1
2019-03-18;28999900;1;10929;2
2019-03-18;28999900;1;877;3
2019-03-19;28999900;1;27769;1
2019-03-19;28999900;1;14781;2
2019-03-19;28999900;1;3318;3
2019-03-20;28999900;1;27583;1
2019-03-20;28999900;1;13327;2
2019-03-20;28999900;1;3095;3
2019-03-21;28999900;1;30112;1
2019-03-21;28999900;1;14171;2
2019-03-21;28999900;1;2782;3
2019-03-22;28999900;1;18940;1
2019-03-22;28999900;1;10850;2
2019-03-22;28999900;1;2962;3
2019-03-23;28999900;1;26271;1
2019-03-23;28999900;1;11420;2
2019-03-23;28999900;1;2452;3
2019-03-24;28999900;1;21320;1
2019-03-24;28999900;1;9175;2
2019-03-24;28999900;1;1452;3
2019-03-25;28999900;1;24975;1
2019-03-25;28999900;1;9916;2
2019-03-25;28999900;1;992;3
2019-03-26;28999900;1;33620;1
2019-03-26;28999900;1;14657;2
2019-03-26;28999900;1;2615;3
2019-03-27;28999900;1;36989;1
2019-03-27;28999900;1;16105;2
2019-03-27;28999900;1;3119;3
2019-03-28;28999900;1;27197;1
2019-03-28;28999900;1;12276;2
2019-03-28;28999900;1;2789;3
2019-03-29;28999900;1;30660;1
2019-03-29;28999900;1;13943;2
2019-03-29;28999900;1;2828;3
2019-03-30;28999900;1;21664;1
2019-03-30;28999900;1;10236;2
2019-03-30;28999900;1;2388;3
2019-03-31;28999900;1;17095;1
2019-03-31;28999900;1;8914;2
2019-03-31;28999900;1;1478;3
2019-04-01;28999900;1;20477;1
2019-04-01;28999900;1;9211;2
2019-04-01;28999900;1;792;3
2019-04-02;28999900;1;29369;1
2019-04-02;28999900;1;13185;2
2019-04-02;28999900;1;2383;3
2019-04-03;28999900;1;37809;1
2019-04-03;28999900;1;15199;2
2019-04-03;28999900;1;3128;3
2019-04-04;28999900;1;41964;1
2019-04-04;28999900;1;18474;2
2019-04-04;28999900;1;3140;3
2019-04-05;28999900;1;21674;1
2019-04-05;28999900;1;10951;2
2019-04-05;28999900;1;2432;3
2019-04-06;28999900;1;14236;1
2019-04-06;28999900;1;8378;2
2019-04-06;28999900;1;2732;3
2019-04-07;28999900;1;23333;1
2019-04-07;28999900;1;9559;2
2019-04-07;28999900;1;1244;3
2019-04-08;28999900;1;31525;1
2019-04-08;28999900;1;12455;2
2019-04-08;28999900;1;2441;3
2019-04-09;28999900;1;31115;1
2019-04-09;28999900;1;15112;2
2019-04-09;28999900;1;3017;3
2019-04-10;28999900;1;30286;1
2019-04-10;28999900;1;13815;2
2019-04-10;28999900;1;2745;3
2019-04-11;28999900;1;29478;1
2019-04-11;28999900;1;12558;2
2019-04-11;28999900;1;3021;3
2019-04-12;28999900;1;33470;1
2019-04-12;28999900;1;15850;2
2019-04-12;28999900;1;3072;3
2019-04-13;28999900;1;24046;1
2019-04-13;28999900;1;11056;2
2019-04-13;28999900;1;3006;3
2019-04-14;28999900;1;17854;1
2019-04-14;28999900;1;7650;2
2019-04-14;28999900;1;1073;3
2019-04-15;28999900;1;30035;1
2019-04-15;28999900;1;12171;2
2019-04-15;28999900;1;1177;3
2019-04-16;28999900;1;28426;1
2019-04-16;28999900;1;12830;2
2019-04-16;28999900;1;2991;3
2019-04-17;28999900;1;29361;1
2019-04-17;28999900;1;13561;2
2019-04-17;28999900;1;4493;3
2019-04-18;28999900;1;34303;1
2019-04-18;28999900;1;14923;2
2019-04-18;28999900;1;2687;3
2019-04-19;28999900;1;34293;1
2019-04-19;28999900;1;14203;2
2019-04-19;28999900;1;2404;3
2019-04-20;28999900;1;20612;1
2019-04-20;28999900;1;10515;2
2019-04-20;28999900;1;3517;3
2019-04-21;28999900;1;25088;1
2019-04-21;28999900;1;8967;2
2019-04-21;28999900;1;1061;3
2019-04-22;28999900;1;28378;1
2019-04-22;28999900;1;11051;2
2019-04-22;28999900;1;1764;3
2019-04-23;28999900;1;31503;1
2019-04-23;28999900;1;13206;2
2019-04-23;28999900;1;2802;3
2019-04-24;28999900;1;27910;1
2019-04-24;28999900;1;11687;2
2019-04-24;28999900;1;3517;3
2019-04-25;28999900;1;30751;1
2019-04-25;28999900;1;14629;2
2019-04-25;28999900;1;3300;3
2019-04-26;28999900;1;23067;1
2019-04-26;28999900;1;11310;2
2019-04-26;28999900;1;3108;3
2019-04-27;28999900;1;28370;1
2019-04-27;28999900;1;12435;2
2019-04-27;28999900;1;2615;3
2019-04-28;28999900;1;18222;1
2019-04-28;28999900;1;7491;2
2019-04-28;28999900;1;1206;3
2019-04-29;28999900;1;19662;1
2019-04-29;28999900;1;7640;2
2019-04-29;28999900;1;988;3
2019-04-30;28999900;1;27317;1
2019-04-30;28999900;1;11949;2
2019-04-30;28999900;1;2626;3
2019-05-01;28999900;1;18145;1
2019-05-01;28999900;1;7985;2
2019-05-01;28999900;1;2257;3
2019-05-02;28999900;1;18575;1
2019-05-02;28999900;1;7698;2
2019-05-02;28999900;1;1120;3
2019-05-03;28999900;1;12923;1
2019-05-03;28999900;1;6297;2
2019-05-03;28999900;1;1417;3
2019-05-04;28999900;1;19105;1
2019-05-04;28999900;1;6994;2
2019-05-04;28999900;1;1303;3
2019-05-05;28999900;1;21895;1
2019-05-05;28999900;1;7144;2
2019-05-05;28999900;1;821;3
2019-05-06;28999900;1;20690;1
2019-05-06;28999900;1;6953;2
2019-05-06;28999900;1;512;3
2019-05-07;28999900;1;31063;1
2019-05-07;28999900;1;12256;2
2019-05-07;28999900;1;2784;3
2019-05-08;28999900;1;28946;1
2019-05-08;28999900;1;12368;2
2019-05-08;28999900;1;2711;3
2019-05-09;28999900;1;13224;1
2019-05-09;28999900;1;6427;2
2019-05-09;28999900;1;2342;3
2019-05-10;28999900;1;14999;1
2019-05-10;28999900;1;8724;2
2019-05-10;28999900;1;1239;3
2019-05-11;28999900;1;19675;1
2019-05-11;28999900;1;8284;2
2019-05-11;28999900;1;2120;3
2019-05-12;28999900;1;30896;1
2019-05-12;28999900;1;9924;2
2019-05-12;28999900;1;955;3
2019-05-13;28999900;1;17960;1
2019-05-13;28999900;1;8037;2
2019-05-13;28999900;1;880;3
2019-05-14;28999900;1;23476;1
2019-05-14;28999900;1;10698;2
2019-05-14;28999900;1;2571;3
2019-05-15;28999900;1;31237;1
2019-05-15;28999900;1;14570;2
2019-05-15;28999900;1;3444;3
2019-05-16;28999900;1;29002;1
2019-05-16;28999900;1;13569;2
2019-05-16;28999900;1;2829;3
2019-05-17;28999900;1;22957;1
2019-05-17;28999900;1;11398;2
2019-05-17;28999900;1;2372;3
2019-05-18;28999900;1;28391;1
2019-05-18;28999900;1;12959;2
2019-05-18;28999900;1;3094;3
2019-05-19;28999900;1;17990;1
2019-05-19;28999900;1;7749;2
2019-05-19;28999900;1;1330;3
2019-05-20;28999900;1;26818;1
2019-05-20;28999900;1;11968;2
2019-05-20;28999900;1;1918;3
2019-05-21;28999900;1;32231;1
2019-05-21;28999900;1;12981;2
2019-05-21;28999900;1;2564;3
2019-05-22;28999900;1;32104;1
2019-05-22;28999900;1;15222;2
2019-05-22;28999900;1;3018;3
2019-05-23;28999900;1;26472;1
2019-05-23;28999900;1;11804;2
2019-05-23;28999900;1;2779;3
2019-05-24;28999900;1;28037;1
2019-05-24;28999900;1;12991;2
2019-05-24;28999900;1;2373;3
2019-05-25;28999900;1;20152;1
2019-05-25;28999900;1;10922;2
2019-05-25;28999900;1;2912;3
2019-05-26;28999900;1;13364;1
2019-05-26;28999900;1;5869;2
2019-05-26;28999900;1;1207;3
2019-05-27;28999900;1;22637;1
2019-05-27;28999900;1;8629;2
2019-05-27;28999900;1;982;3
2019-05-28;28999900;1;27031;1
2019-05-28;28999900;1;13187;2
2019-05-28;28999900;1;2764;3
2019-05-29;28999900;1;30698;1
2019-05-29;28999900;1;14465;2
2019-05-29;28999900;1;2530;3
2019-05-30;28999900;1;34656;1
2019-05-30;28999900;1;16513;2
2019-05-30;28999900;1;3119;3
2019-05-31;28999900;1;25193;1
2019-05-31;28999900;1;13004;2
2019-05-31;28999900;1;2373;3
2019-06-01;28999900;1;20274;1
2019-06-01;28999900;1;11507;2
2019-06-01;28999900;1;2446;3
2019-06-02;28999900;1;15347;1
2019-06-02;28999900;1;8672;2
2019-06-02;28999900;1;1388;3
2019-06-03;28999900;1;23900;1
2019-06-03;28999900;1;11594;2
2019-06-03;28999900;1;1131;3
2019-06-04;28999900;1;30378;1
2019-06-04;28999900;1;14082;2
2019-06-04;28999900;1;2724;3
2019-06-05;28999900;1;32143;1
2019-06-05;28999900;1;12903;2
2019-06-05;28999900;1;2578;3
2019-06-06;28999900;1;34018;1
2019-06-06;28999900;1;14649;2
2019-06-06;28999900;1;2450;3
2019-06-07;28999900;1;26062;1
2019-06-07;28999900;1;12592;2
2019-06-07;28999900;1;1826;3
2019-06-08;28999900;1;24178;1
2019-06-08;28999900;1;11277;2
2019-06-08;28999900;1;2394;3
2019-06-09;28999900;1;24544;1
2019-06-09;28999900;1;11222;2
2019-06-09;28999900;1;1526;3
2019-06-10;28999900;1;19204;1
2019-06-10;28999900;1;9188;2
2019-06-10;28999900;1;932;3
2019-06-11;28999900;1;27981;1
2019-06-11;28999900;1;12343;2
2019-06-11;28999900;1;2342;3
2019-06-12;28999900;1;24899;1
2019-06-12;28999900;1;11571;2
2019-06-12;28999900;1;2070;3
2019-06-13;28999900;1;27049;1
2019-06-13;28999900;1;10556;2
2019-06-13;28999900;1;1254;3
2019-06-14;28999900;1;28186;1
2019-06-14;28999900;1;11755;2
2019-06-14;28999900;1;2394;3
2019-06-15;28999900;1;23738;1
2019-06-15;28999900;1;12039;2
2019-06-15;28999900;1;2423;3
2019-06-16;28999900;1;20151;1
2019-06-16;28999900;1;7175;2
2019-06-16;28999900;1;763;3
2019-06-17;28999900;1;24345;1
2019-06-17;28999900;1;9884;2
2019-06-17;28999900;1;1054;3
2019-06-18;28999900;1;24371;1
2019-06-18;28999900;1;12274;2
2019-06-18;28999900;1;2568;3
2019-06-19;28999900;1;31594;1
2019-06-19;28999900;1;14587;2
2019-06-19;28999900;1;2449;3
2019-06-20;28999900;1;28843;1
2019-06-20;28999900;1;13994;2
2019-06-20;28999900;1;2792;3
2019-06-21;28999900;1;28636;1
2019-06-21;28999900;1;13935;2
2019-06-21;28999900;1;2654;3
2019-06-22;28999900;1;21473;1
2019-06-22;28999900;1;10321;2
2019-06-22;28999900;1;2456;3
2019-06-23;28999900;1;20196;1
2019-06-23;28999900;1;7945;2
2019-06-23;28999900;1;1042;3
2019-06-24;28999900;1;18656;1
2019-06-24;28999900;1;8756;2
2019-06-24;28999900;1;897;3
2019-06-25;28999900;1;28502;1
2019-06-25;28999900;1;14189;2
2019-06-25;28999900;1;2502;3
2019-06-26;28999900;1;28325;1
2019-06-26;28999900;1;12215;2
2019-06-26;28999900;1;2517;3
2019-06-27;28999900;1;27877;1
2019-06-27;28999900;1;12532;2
2019-06-27;28999900;1;2241;3
2019-06-28;28999900;1;24649;1
2019-06-28;28999900;1;11614;2
2019-06-28;28999900;1;2310;3
2019-06-29;28999900;1;25326;1
2019-06-29;28999900;1;11483;2
2019-06-29;28999900;1;2643;3
2019-06-30;28999900;1;19068;1
2019-06-30;28999900;1;6979;2
2019-06-30;28999900;1;1112;3
2019-07-01;28999900;1;20325;1
2019-07-01;28999900;1;10749;2
2019-07-01;28999900;1;1572;3
2019-07-02;28999900;1;27693;1
2019-07-02;28999900;1;13213;2
2019-07-02;28999900;1;2626;3
2019-07-03;28999900;1;20065;1
2019-07-03;28999900;1;11920;2
2019-07-03;28999900;1;2616;3
2019-07-04;28999900;1;21443;1
2019-07-04;28999900;1;11190;2
2019-07-04;28999900;1;2637;3
2019-07-05;28999900;1;20890;1
2019-07-05;28999900;1;10816;2
2019-07-05;28999900;1;2284;3
2019-07-06;28999900;1;23973;1
2019-07-06;28999900;1;12908;2
2019-07-06;28999900;1;2909;3
2019-07-07;28999900;1;25410;1
2019-07-07;28999900;1;8720;2
2019-07-07;28999900;1;849;3
2019-07-08;28999900;1;26627;1
2019-07-08;28999900;1;11978;2
2019-07-08;28999900;1;1035;3
2019-07-09;28999900;1;38670;1
2019-07-09;28999900;1;14733;2
2019-07-09;28999900;1;2396;3
2019-07-10;28999900;1;33794;1
2019-07-10;28999900;1;15144;2
2019-07-10;28999900;1;2570;3
2019-07-11;28999900;1;30966;1
2019-07-11;28999900;1;14645;2
2019-07-11;28999900;1;2368;3
2019-07-12;28999900;1;23979;1
2019-07-12;28999900;1;10689;2
2019-07-12;28999900;1;2798;3
2019-07-13;28999900;1;18505;1
2019-07-13;28999900;1;10856;2
2019-07-13;28999900;1;3005;3
2019-07-14;28999900;1;17022;1
2019-07-14;28999900;1;7779;2
2019-07-14;28999900;1;932;3
2019-07-15;28999900;1;31649;1
2019-07-15;28999900;1;14337;2
2019-07-15;28999900;1;1733;3
2019-07-16;28999900;1;26061;1
2019-07-16;28999900;1;12086;2
2019-07-16;28999900;1;2884;3
2019-07-17;28999900;1;31389;1
2019-07-17;28999900;1;14619;2
2019-07-17;28999900;1;2748;3
2019-07-18;28999900;1;32812;1
2019-07-18;28999900;1;14325;2
2019-07-18;28999900;1;3167;3
2019-07-19;28999900;1;25410;1
2019-07-19;28999900;1;12501;2
2019-07-19;28999900;1;2758;3
2019-07-20;28999900;1;22502;1
2019-07-20;28999900;1;10268;2
2019-07-20;28999900;1;2769;3
2019-07-21;28999900;1;24868;1
2019-07-21;28999900;1;8975;2
2019-07-21;28999900;1;1032;3
2019-07-22;28999900;1;22788;1
2019-07-22;28999900;1;10008;2
2019-07-22;28999900;1;1714;3
2019-07-23;28999900;1;32929;1
2019-07-23;28999900;1;13984;2
2019-07-23;28999900;1;2945;3
2019-07-24;28999900;1;26198;1
2019-07-24;28999900;1;12089;2
2019-07-24;28999900;1;2707;3
2019-07-25;28999900;1;28912;1
2019-07-25;28999900;1;14325;2
2019-07-25;28999900;1;3373;3
2019-07-26;28999900;1;25015;1
2019-07-26;28999900;1;12991;2
2019-07-26;28999900;1;2610;3
2019-07-27;28999900;1;20543;1
2019-07-27;28999900;1;10710;2
2019-07-27;28999900;1;3016;3
2019-07-28;28999900;1;24893;1
2019-07-28;28999900;1;9250;2
2019-07-28;28999900;1;1296;3
2019-07-29;28999900;1;21530;1
2019-07-29;28999900;1;8629;2
2019-07-29;28999900;1;1010;3
2019-07-30;28999900;1;30502;1
2019-07-30;28999900;1;14331;2
2019-07-30;28999900;1;3415;3
2019-07-31;28999900;1;29300;1
2019-07-31;28999900;1;13611;2
2019-07-31;28999900;1;3010;3
2019-08-01;28999900;1;26216;1
2019-08-01;28999900;1;11819;2
2019-08-01;28999900;1;2985;3
2019-08-02;28999900;1;25439;1
2019-08-02;28999900;1;12199;2
2019-08-02;28999900;1;2875;3
2019-08-03;28999900;1;22967;1
2019-08-03;28999900;1;10648;2
2019-08-03;28999900;1;2996;3
2019-08-04;28999900;1;18152;1
2019-08-04;28999900;1;6572;2
2019-08-04;28999900;1;1195;3
2019-08-05;28999900;1;27799;1
2019-08-05;28999900;1;10776;2
2019-08-05;28999900;1;1199;3
2019-08-06;28999900;1;31913;1
2019-08-06;28999900;1;14120;2
2019-08-06;28999900;1;3704;3
2019-08-07;28999900;1;28255;1
2019-08-07;28999900;1;13943;2
2019-08-07;28999900;1;2778;3
2019-08-08;28999900;1;33573;1
2019-08-08;28999900;1;14802;2
2019-08-08;28999900;1;3692;3
2019-08-09;28999900;1;31066;1
2019-08-09;28999900;1;12681;2
2019-08-09;28999900;1;2971;3
2019-08-10;28999900;1;19744;1
2019-08-10;28999900;1;9994;2
2019-08-10;28999900;1;3017;3
2019-08-11;28999900;1;23770;1
2019-08-11;28999900;1;10099;2
2019-08-11;28999900;1;1495;3
2019-08-12;28999900;1;26768;1
2019-08-12;28999900;1;11009;2
2019-08-12;28999900;1;1824;3
2019-08-13;28999900;1;34139;1
2019-08-13;28999900;1;14161;2
2019-08-13;28999900;1;2675;3
2019-08-14;28999900;1;28798;1
2019-08-14;28999900;1;12865;2
2019-08-14;28999900;1;3563;3
2019-08-15;28999900;1;30226;1
2019-08-15;28999900;1;14172;2
2019-08-15;28999900;1;3093;3
2019-08-16;28999900;1;27408;1
2019-08-16;28999900;1;12201;2
2019-08-16;28999900;1;3095;3
2019-08-17;28999900;1;27495;1
2019-08-17;28999900;1;12470;2
2019-08-17;28999900;1;2848;3
2019-08-18;28999900;1;13870;1
2019-08-18;28999900;1;8311;2
2019-08-18;28999900;1;2468;3
2019-08-19;28999900;1;17744;1
2019-08-19;28999900;1;8529;2
2019-08-19;28999900;1;1132;3
2019-08-20;28999900;1;35000;1
2019-08-20;28999900;1;14223;2
2019-08-20;28999900;1;2548;3
2019-08-21;28999900;1;30138;1
2019-08-21;28999900;1;14513;2
2019-08-21;28999900;1;3671;3
2019-08-22;28999900;1;31133;1
2019-08-22;28999900;1;13983;2
2019-08-22;28999900;1;3230;3
2019-08-23;28999900;1;25269;1
2019-08-23;28999900;1;12357;2
2019-08-23;28999900;1;3142;3
2019-08-24;28999900;1;26875;1
2019-08-24;28999900;1;11708;2
2019-08-24;28999900;1;3242;3
2019-08-25;28999900;1;24471;1
2019-08-25;28999900;1;10517;2
2019-08-25;28999900;1;1953;3
2019-08-26;28999900;1;24741;1
2019-08-26;28999900;1;9784;2
2019-08-26;28999900;1;1202;3
2019-08-27;28999900;1;29410;1
2019-08-27;28999900;1;13803;2
2019-08-27;28999900;1;3087;3
2019-08-28;28999900;1;32143;1
2019-08-28;28999900;1;15506;2
2019-08-28;28999900;1;3442;3
2019-08-29;28999900;1;27477;1
2019-08-29;28999900;1;13727;2
2019-08-29;28999900;1;3438;3
2019-08-30;28999900;1;28914;1
2019-08-30;28999900;1;12784;2
2019-08-30;28999900;1;3121;3
2019-08-31;28999900;1;25506;1
2019-08-31;28999900;1;10723;2
2019-08-31;28999900;1;3125;3
2019-09-01;28999900;1;27171;1
2019-09-01;28999900;1;9977;2
2019-09-01;28999900;1;1726;3
2019-09-02;28999900;1;28655;1
2019-09-02;28999900;1;12286;2
2019-09-02;28999900;1;1679;3
2019-09-03;28999900;1;29884;1
2019-09-03;28999900;1;13526;2
2019-09-03;28999900;1;3207;3
2019-09-04;28999900;1;32907;1
2019-09-04;28999900;1;15127;2
2019-09-04;28999900;1;3335;3
2019-09-05;28999900;1;26086;1
2019-09-05;28999900;1;12550;2
2019-09-05;28999900;1;2953;3
2019-09-06;28999900;1;25638;1
2019-09-06;28999900;1;12659;2
2019-09-06;28999900;1;3339;3
2019-09-07;28999900;1;25187;1
2019-09-07;28999900;1;13739;2
2019-09-07;28999900;1;4455;3
2019-09-08;28999900;1;18103;1
2019-09-08;28999900;1;9307;2
2019-09-08;28999900;1;2156;3
2019-09-09;28999900;1;21416;1
2019-09-09;28999900;1;9900;2
2019-09-09;28999900;1;1508;3
2019-09-10;28999900;1;29448;1
2019-09-10;28999900;1;12785;2
2019-09-10;28999900;1;3518;3
2019-09-11;28999900;1;33228;1
2019-09-11;28999900;1;15254;2
2019-09-11;28999900;1;3690;3
2019-09-12;28999900;1;33222;1
2019-09-12;28999900;1;15545;2
2019-09-12;28999900;1;3602;3
2019-09-13;28999900;1;30834;1
2019-09-13;28999900;1;15103;2
2019-09-13;28999900;1;3087;3
2019-09-14;28999900;1;28724;1
2019-09-14;28999900;1;14514;2
2019-09-14;28999900;1;4132;3
2019-09-15;28999900;1;24437;1
2019-09-15;28999900;1;11021;2
2019-09-15;28999900;1;1827;3
2019-09-16;28999900;1;23923;1
2019-09-16;28999900;1;9570;2
2019-09-16;28999900;1;1132;3
2019-09-17;28999900;1;32056;1
2019-09-17;28999900;1;13154;2
2019-09-17;28999900;1;3404;3
2019-09-18;28999900;1;36092;1
2019-09-18;28999900;1;16822;2
2019-09-18;28999900;1;4080;3
2019-09-19;28999900;1;33373;1
2019-09-19;28999900;1;14388;2
2019-09-19;28999900;1;4465;3
2019-09-20;28999900;1;31728;1
2019-09-20;28999900;1;15430;2
2019-09-20;28999900;1;3788;3
2019-09-21;28999900;1;23877;1
2019-09-21;28999900;1;11913;2
2019-09-21;28999900;1;3088;3
2019-09-22;28999900;1;21432;1
2019-09-22;28999900;1;8245;2
2019-09-22;28999900;1;2236;3
2019-09-23;28999900;1;29209;1
2019-09-23;28999900;1;11903;2
2019-09-23;28999900;1;1897;3
2019-09-24;28999900;1;29773;1
2019-09-24;28999900;1;14383;2
2019-09-24;28999900;1;3808;3
2019-09-25;28999900;1;35190;1
2019-09-25;28999900;1;14500;2
2019-09-25;28999900;1;4162;3
2019-09-26;28999900;1;31842;1
2019-09-26;28999900;1;14422;2
2019-09-26;28999900;1;3431;3
2019-09-27;28999900;1;29469;1
2019-09-27;28999900;1;13292;2
2019-09-27;28999900;1;3834;3
2019-09-28;28999900;1;23728;1
2019-09-28;28999900;1;13474;2
2019-09-28;28999900;1;4939;3
2019-09-29;28999900;1;23282;1
2019-09-29;28999900;1;11550;2
2019-09-29;28999900;1;1845;3
2019-09-30;28999900;1;18693;1
2019-09-30;28999900;1;7237;2
2019-09-30;28999900;1;1702;3
2019-10-01;28999900;1;35634;1
2019-10-01;28999900;1;16461;2
2019-10-01;28999900;1;2662;3
2019-10-02;28999900;1;26978;1
2019-10-02;28999900;1;14020;2
2019-10-02;28999900;1;5181;3
2019-10-03;28999900;1;35679;1
2019-10-03;28999900;1;17204;2
2019-10-03;28999900;1;3185;3
2019-10-04;28999900;1;34730;1
2019-10-04;28999900;1;14905;2
2019-10-04;28999900;1;4206;3
2019-10-05;28999900;1;35578;1
2019-10-05;28999900;1;17743;2
2019-10-05;28999900;1;4108;3
2019-10-06;28999900;1;35832;1
2019-10-06;28999900;1;11417;2
2019-10-06;28999900;1;2489;3
2019-10-07;28999900;1;29750;1
2019-10-07;28999900;1;14058;2
2019-10-07;28999900;1;1692;3
2019-10-08;28999900;1;29023;1
2019-10-08;28999900;1;14989;2
2019-10-08;28999900;1;4221;3
2019-10-09;28999900;1;35459;1
2019-10-09;28999900;1;16560;2
2019-10-09;28999900;1;3388;3
2019-10-10;28999900;1;36680;1
2019-10-10;28999900;1;16741;2
2019-10-10;28999900;1;7219;3
2019-10-11;28999900;1;29032;1
2019-10-11;28999900;1;12135;2
2019-10-11;28999900;1;2928;3
2019-10-12;28999900;1;29069;1
2019-10-12;28999900;1;14618;2
2019-10-12;28999900;1;4780;3
2019-10-13;28999900;1;31359;1
2019-10-13;28999900;1;12350;2
2019-10-13;28999900;1;3942;3
2019-10-14;28999900;1;27454;1
2019-10-14;28999900;1;11473;2
2019-10-14;28999900;1;1961;3
2019-10-15;28999900;1;34526;1
2019-10-15;28999900;1;14181;2
2019-10-15;28999900;1;4303;3
2019-10-16;28999900;1;35297;1
2019-10-16;28999900;1;15610;2
2019-10-16;28999900;1;4648;3
2019-10-17;28999900;1;29602;1
2019-10-17;28999900;1;14309;2
2019-10-17;28999900;1;4225;3
2019-10-18;28999900;1;30975;1
2019-10-18;28999900;1;14911;2
2019-10-18;28999900;1;4341;3
2019-10-19;28999900;1;31761;1
2019-10-19;28999900;1;15307;2
2019-10-19;28999900;1;4403;3
2019-10-20;28999900;1;19167;1
2019-10-20;28999900;1;9154;2
2019-10-20;28999900;1;4251;3
2019-10-21;28999900;1;27763;1
2019-10-21;28999900;1;12382;2
2019-10-21;28999900;1;1868;3
2019-10-22;28999900;1;32739;1
2019-10-22;28999900;1;15516;2
2019-10-22;28999900;1;4021;3
2019-10-23;28999900;1;38076;1
2019-10-23;28999900;1;14947;2
2019-10-23;28999900;1;4921;3
2019-10-24;28999900;1;31683;1
2019-10-24;28999900;1;16808;2
2019-10-24;28999900;1;5892;3
2019-10-25;28999900;1;38404;1
2019-10-25;28999900;1;17938;2
2019-10-25;28999900;1;5772;3
2019-10-26;28999900;1;39050;1
2019-10-26;28999900;1;14594;2
2019-10-26;28999900;1;4346;3
2019-10-27;28999900;1;32892;1
2019-10-27;28999900;1;12938;2
2019-10-27;28999900;1;3276;3
2019-10-28;28999900;1;26010;1
2019-10-28;28999900;1;11330;2
2019-10-28;28999900;1;3159;3
2019-10-29;28999900;1;28360;1
2019-10-29;28999900;1;13108;2
2019-10-29;28999900;1;4304;3
2019-10-30;28999900;1;34959;1
2019-10-30;28999900;1;16662;2
2019-10-30;28999900;1;3109;3
2019-10-31;28999900;1;33193;1
2019-10-31;28999900;1;18378;2
2019-10-31;28999900;1;6983;3
2019-11-01;28999900;1;27422;1
2019-11-01;28999900;1;16047;2
2019-11-01;28999900;1;6175;3
2019-11-02;28999900;1;30965;1
2019-11-02;28999900;1;16537;2
2019-11-02;28999900;1;6690;3
2019-11-03;28999900;1;31234;1
2019-11-03;28999900;1;11328;2
2019-11-03;28999900;1;2330;3
2019-11-04;28999900;1;26894;1
2019-11-04;28999900;1;9647;2
2019-11-04;28999900;1;2408;3
2019-11-05;28999900;1;25764;1
2019-11-05;28999900;1;10587;2
2019-11-05;28999900;1;2030;3
2019-11-06;28999900;1;36068;1
2019-11-06;28999900;1;17940;2
2019-11-06;28999900;1;4989;3
2019-11-07;28999900;1;40009;1
2019-11-07;28999900;1;19183;2
2019-11-07;28999900;1;5773;3
2019-11-08;28999900;1;28228;1
2019-11-08;28999900;1;15578;2
2019-11-08;28999900;1;5294;3
2019-11-09;28999900;1;29162;1
2019-11-09;28999900;1;14940;2
2019-11-09;28999900;1;4511;3
2019-11-10;28999900;1;34730;1
2019-11-10;28999900;1;13204;2
2019-11-10;28999900;1;4316;3
2019-11-11;28999900;1;28691;1
2019-11-11;28999900;1;13022;2
2019-11-11;28999900;1;2821;3
2019-11-12;28999900;1;42139;1
2019-11-12;28999900;1;18247;2
2019-11-12;28999900;1;4463;3
2019-11-13;28999900;1;44341;1
2019-11-13;28999900;1;17512;2
2019-11-13;28999900;1;5408;3
2019-11-14;28999900;1;33513;1
2019-11-14;28999900;1;16481;2
2019-11-14;28999900;1;4800;3
2019-11-15;28999900;1;45540;1
2019-11-15;28999900;1;18855;2
2019-11-15;28999900;1;6374;3
2019-11-16;28999900;1;33982;1
2019-11-16;28999900;1;16595;2
2019-11-16;28999900;1;5662;3
2019-11-17;28999900;1;38241;1
2019-11-17;28999900;1;12576;2
2019-11-17;28999900;1;3537;3
2019-11-18;28999900;1;31742;1
2019-11-18;28999900;1;12987;2
2019-11-18;28999900;1;2377;3
2019-11-19;28999900;1;42302;1
2019-11-19;28999900;1;15961;2
2019-11-19;28999900;1;4888;3
2019-11-20;28999900;1;39768;1
2019-11-20;28999900;1;17489;2
2019-11-20;28999900;1;5230;3
2019-11-21;28999900;1;46037;1
2019-11-21;28999900;1;19733;2
2019-11-21;28999900;1;6230;3
2019-11-22;28999900;1;37311;1
2019-11-22;28999900;1;17817;2
2019-11-22;28999900;1;5506;3
2019-11-23;28999900;1;32017;1
2019-11-23;28999900;1;14787;2
2019-11-23;28999900;1;4698;3
2019-11-24;28999900;1;49836;1
2019-11-24;28999900;1;17326;2
2019-11-24;28999900;1;4974;3
2019-11-25;28999900;1;39451;1
2019-11-25;28999900;1;15379;2
2019-11-25;28999900;1;2376;3
2019-11-26;28999900;1;42226;1
2019-11-26;28999900;1;18174;2
2019-11-26;28999900;1;4723;3
2019-11-27;28999900;1;43152;1
2019-11-27;28999900;1;19137;2
2019-11-27;28999900;1;5679;3
2019-11-28;28999900;1;42042;1
2019-11-28;28999900;1;20746;2
2019-11-28;28999900;1;6114;3
2019-11-29;28999900;1;36387;1
2019-11-29;28999900;1;18746;2
2019-11-29;28999900;1;5861;3
2019-11-30;28999900;1;40405;1
2019-11-30;28999900;1;17128;2
2019-11-30;28999900;1;4335;3
2019-12-01;28999900;1;29883;1
2019-12-01;28999900;1;15176;2
2019-12-01;28999900;1;4989;3
2019-12-02;28999900;1;37156;1
2019-12-02;28999900;1;17674;2
2019-12-02;28999900;1;4923;3
2019-12-03;28999900;1;47760;1
2019-12-03;28999900;1;21643;2
2019-12-03;28999900;1;3948;3
2019-12-04;28999900;1;47683;1
2019-12-04;28999900;1;18321;2
2019-12-04;28999900;1;4706;3
2019-12-05;28999900;1;42410;1
2019-12-05;28999900;1;19484;2
2019-12-05;28999900;1;5224;3
2019-12-06;28999900;1;45699;1
2019-12-06;28999900;1;22100;2
2019-12-06;28999900;1;5887;3
2019-12-07;28999900;1;40188;1
2019-12-07;28999900;1;21532;2
2019-12-07;28999900;1;6232;3
2019-12-08;28999900;1;34564;1
2019-12-08;28999900;1;20242;2
2019-12-08;28999900;1;8877;3
2019-12-09;28999900;1;38038;1
2019-12-09;28999900;1;18427;2
2019-12-09;28999900;1;4593;3
2019-12-10;28999900;1;51134;1
2019-12-10;28999900;1;20844;2
2019-12-10;28999900;1;3624;3
2019-12-11;28999900;1;43682;1
2019-12-11;28999900;1;21751;2
2019-12-11;28999900;1;5086;3
2019-12-12;28999900;1;36859;1
2019-12-12;28999900;1;16081;2
2019-12-12;28999900;1;3555;3
2019-12-13;28999900;1;38193;1
2019-12-13;28999900;1;17301;2
2019-12-13;28999900;1;3919;3
2019-12-14;28999900;1;48926;1
2019-12-14;28999900;1;20505;2
2019-12-14;28999900;1;4145;3
2019-12-15;28999900;1;43398;1
2019-12-15;28999900;1;19282;2
2019-12-15;28999900;1;6995;3
2019-12-16;28999900;1;33002;1
2019-12-16;28999900;1;17252;2
2019-12-16;28999900;1;5510;3
2019-12-17;28999900;1;49412;1
2019-12-17;28999900;1;21221;2
2019-12-17;28999900;1;3846;3
2019-12-18;28999900;1;38152;1
2019-12-18;28999900;1;19208;2
2019-12-18;28999900;1;4853;3
2019-12-19;28999900;1;37069;1
2019-12-19;28999900;1;20976;2
2019-12-19;28999900;1;6698;3
2019-12-20;28999900;1;40834;1
2019-12-20;28999900;1;21541;2
2019-12-20;28999900;1;5470;3
2019-12-21;28999900;1;36517;1
2019-12-21;28999900;1;18075;2
2019-12-21;28999900;1;4020;3
2019-12-22;28999900;1;44189;1
2019-12-22;28999900;1;18593;2
2019-12-22;28999900;1;3630;3
2019-12-23;28999900;1;38664;1
2019-12-23;28999900;1;20541;2
2019-12-23;28999900;1;8782;3
2019-12-24;28999900;1;44131;1
2019-12-24;28999900;1;21540;2
2019-12-24;28999900;1;7035;3
2019-12-25;28999900;1;47554;1
2019-12-25;28999900;1;23790;2
2019-12-25;28999900;1;9028;3
2019-12-26;28999900;1;46179;1
2019-12-26;28999900;1;23295;2
2019-12-26;28999900;1;7693;3
2019-12-27;28999900;1;37843;1
2019-12-27;28999900;1;23559;2
2019-12-27;28999900;1;9017;3
2019-12-28;28999900;1;48982;1
2019-12-28;28999900;1;28102;2
2019-12-28;28999900;1;8070;3
2019-12-29;28999900;1;24795;1
2019-12-29;28999900;1;15951;2
2019-12-29;28999900;1;4131;3
2019-12-30;28999900;1;28810;1
2019-12-30;28999900;1;12444;2
2019-12-30;28999900;1;2832;3
2019-12-31;28999900;1;20178;1
2019-12-31;28999900;1;11844;2
2019-12-31;28999900;1;2331;3
2020-01-01;28999900;1;0;1
2020-01-01;28999900;1;1;2
2020-01-01;28999900;1;0;3
2020-01-02;28999900;1;3453;1
2020-01-02;28999900;1;1057;2
2020-01-02;28999900;1;84;3
2020-01-03;28999900;1;9503;1
2020-01-03;28999900;1;12138;2
2020-01-03;28999900;1;3328;3
2020-01-04;28999900;1;31760;1
2020-01-04;28999900;1;12947;2
2020-01-04;28999900;1;1895;3
2020-01-05;28999900;1;22474;1
2020-01-05;28999900;1;10419;2
2020-01-05;28999900;1;1623;3
2020-01-06;28999900;1;25952;1
2020-01-06;28999900;1;13203;2
2020-01-06;28999900;1;2012;3
2020-01-07;28999900;1;30477;1
2020-01-07;28999900;1;11981;2
2020-01-07;28999900;1;2632;3
2020-01-08;28999900;1;20445;1
2020-01-08;28999900;1;11644;2
2020-01-08;28999900;1;2958;3
2020-01-09;28999900;1;22720;1
2020-01-09;28999900;1;13277;2
2020-01-09;28999900;1;2631;3
2020-01-10;28999900;1;37913;1
2020-01-10;28999900;1;17691;2
2020-01-10;28999900;1;4007;3
2020-01-11;28999900;1;39025;1
2020-01-11;28999900;1;15233;2
2020-01-11;28999900;1;5900;3
2020-01-12;28999900;1;25490;1
2020-01-12;28999900;1;12284;2
2020-01-12;28999900;1;3970;3
2020-01-13;28999900;1;36298;1
2020-01-13;28999900;1;14624;2
2020-01-13;28999900;1;3528;3
2020-01-14;28999900;1;49789;1
2020-01-14;28999900;1;18489;2
2020-01-14;28999900;1;4964;3
2020-01-15;28999900;1;38219;1
2020-01-15;28999900;1;21318;2
2020-01-15;28999900;1;6233;3
2020-01-16;28999900;1;39586;1
2020-01-16;28999900;1;18015;2
2020-01-16;28999900;1;6538;3
2020-01-17;28999900;1;38384;1
2020-01-17;28999900;1;16995;2
2020-01-17;28999900;1;6777;3
2020-01-18;28999900;1;29369;1
2020-01-18;28999900;1;16969;2
2020-01-18;28999900;1;7506;3
2020-01-19;28999900;1;33600;1
2020-01-19;28999900;1;12895;2
2020-01-19;28999900;1;4200;3
2020-01-20;28999900;1;31289;1
2020-01-20;28999900;1;11366;2
2020-01-20;28999900;1;2991;3
2020-01-21;28999900;1;39727;1
2020-01-21;28999900;1;17800;2
2020-01-21;28999900;1;3990;3
2020-01-22;28999900;1;35491;1
2020-01-22;28999900;1;15927;2
2020-01-22;28999900;1;5634;3
2020-01-23;28999900;1;37611;1
2020-01-23;28999900;1;19981;2
2020-01-23;28999900;1;5844;3
2020-01-24;28999900;1;33748;1
2020-01-24;28999900;1;17343;2
2020-01-24;28999900;1;5466;3
2020-01-25;28999900;1;38376;1
2020-01-25;28999900;1;19076;2
2020-01-25;28999900;1;5406;3
2020-01-26;28999900;1;36959;1
2020-01-26;28999900;1;13577;2
2020-01-26;28999900;1;2832;3
2020-01-27;28999900;1;22331;1
2020-01-27;28999900;1;12325;2
2020-01-27;28999900;1;2437;3
2020-01-28;28999900;1;54285;1
2020-01-28;28999900;1;18077;2
2020-01-28;28999900;1;4690;3
2020-01-29;28999900;1;40700;1
2020-01-29;28999900;1;18993;2
2020-01-29;28999900;1;5172;3
2020-01-30;28999900;1;40944;1
2020-01-30;28999900;1;17466;2
2020-01-30;28999900;1;5828;3
2020-01-31;28999900;1;42086;1
2020-01-31;28999900;1;19188;2
2020-01-31;28999900;1;5076;3
2020-02-01;28999900;1;30279;1
2020-02-01;28999900;1;16087;2
2020-02-01;28999900;1;5993;3
2020-02-02;28999900;1;26088;1
2020-02-02;28999900;1;9880;2
2020-02-02;28999900;1;3541;3
2020-02-03;28999900;1;24830;1
2020-02-03;28999900;1;11144;2
2020-02-03;28999900;1;2161;3
2020-02-04;28999900;1;52795;1
2020-02-04;28999900;1;17027;2
2020-02-04;28999900;1;3186;3
2020-02-05;28999900;1;54455;1
2020-02-05;28999900;1;20562;2
2020-02-05;28999900;1;6035;3
2020-02-06;28999900;1;39920;1
2020-02-06;28999900;1;18764;2
2020-02-06;28999900;1;6005;3
2020-02-07;28999900;1;42419;1
2020-02-07;28999900;1;18762;2
2020-02-07;28999900;1;5153;3
2020-02-08;28999900;1;40196;1
2020-02-08;28999900;1;17476;2
2020-02-08;28999900;1;6114;3
2020-02-09;28999900;1;22743;1
2020-02-09;28999900;1;9482;2
2020-02-09;28999900;1;3387;3
2020-02-10;28999900;1;31759;1
2020-02-10;28999900;1;13487;2
2020-02-10;28999900;1;2533;3
2020-02-11;28999900;1;46080;1
2020-02-11;28999900;1;16062;2
2020-02-11;28999900;1;4144;3
2020-02-12;28999900;1;48532;1
2020-02-12;28999900;1;21525;2
2020-02-12;28999900;1;6180;3
2020-02-13;28999900;1;47659;1
2020-02-13;28999900;1;19826;2
2020-02-13;28999900;1;5608;3
2020-02-14;28999900;1;41300;1
2020-02-14;28999900;1;17372;2
2020-02-14;28999900;1;5345;3
2020-02-15;28999900;1;33147;1
2020-02-15;28999900;1;14755;2
2020-02-15;28999900;1;5335;3
2020-02-16;28999900;1;30937;1
2020-02-16;28999900;1;11902;2
2020-02-16;28999900;1;3819;3
2020-02-17;28999900;1;47527;1
2020-02-17;28999900;1;15713;2
2020-02-17;28999900;1;3293;3
2020-02-18;28999900;1;34959;1
2020-02-18;28999900;1;15229;2
2020-02-18;28999900;1;5051;3
2020-02-19;28999900;1;48972;1
2020-02-19;28999900;1;18709;2
2020-02-19;28999900;1;6264;3
2020-02-20;28999900;1;52148;1
2020-02-20;28999900;1;20249;2
2020-02-20;28999900;1;6465;3
2020-02-21;28999900;1;47882;1
2020-02-21;28999900;1;18921;2
2020-02-21;28999900;1;5363;3
2020-02-22;28999900;1;37035;1
2020-02-22;28999900;1;15901;2
2020-02-22;28999900;1;6916;3
2020-02-23;28999900;1;35147;1
2020-02-23;28999900;1;11584;2
2020-02-23;28999900;1;3941;3
2020-02-24;28999900;1;33388;1
2020-02-24;28999900;1;10448;2
2020-02-24;28999900;1;1970;3
2020-02-25;28999900;1;35637;1
2020-02-25;28999900;1;13368;2
2020-02-25;28999900;1;3542;3
2020-02-26;28999900;1;48766;1
2020-02-26;28999900;1;19445;2
2020-02-26;28999900;1;5151;3
2020-02-27;28999900;1;52827;1
2020-02-27;28999900;1;18963;2
2020-02-27;28999900;1;5465;3
2020-02-28;28999900;1;44068;1
2020-02-28;28999900;1;18154;2
2020-02-28;28999900;1;7517;3
2020-02-29;28999900;1;33794;1
2020-02-29;28999900;1;15924;2
2020-02-29;28999900;1;5754;3
2020-03-01;28999900;1;31412;1
2020-03-01;28999900;1;12061;2
2020-03-01;28999900;1;4941;3
2020-03-02;28999900;1;36772;1
2020-03-02;28999900;1;14859;2
2020-03-02;28999900;1;3031;3
2020-03-03;28999900;1;44239;1
2020-03-03;28999900;1;16567;2
2020-03-03;28999900;1;4530;3
2020-03-04;28999900;1;41541;1
2020-03-04;28999900;1;21822;2
2020-03-04;28999900;1;6387;3
2020-03-05;28999900;1;45215;1
2020-03-05;28999900;1;20149;2
2020-03-05;28999900;1;5737;3
2020-03-06;28999900;1;36547;1
2020-03-06;28999900;1;17189;2
2020-03-06;28999900;1;6141;3
2020-03-07;28999900;1;33400;1
2020-03-07;28999900;1;16376;2
2020-03-07;28999900;1;6441;3
2020-03-08;28999900;1;15596;1
2020-03-08;28999900;1;8842;2
2020-03-08;28999900;1;5122;3
2020-03-09;28999900;1;36069;1
2020-03-09;28999900;1;10810;2
2020-03-09;28999900;1;2088;3
2020-03-10;28999900;1;42194;1
2020-03-10;28999900;1;12538;2
2020-03-10;28999900;1;2907;3
2020-03-11;28999900;1;45402;1
2020-03-11;28999900;1;20595;2
2020-03-11;28999900;1;5158;3
2020-03-12;28999900;1;39025;1
2020-03-12;28999900;1;15798;2
2020-03-12;28999900;1;5684;3
2020-03-13;28999900;1;39142;1
2020-03-13;28999900;1;17249;2
2020-03-13;28999900;1;6346;3
2020-03-14;28999900;1;42801;1
2020-03-14;28999900;1;16460;2
2020-03-14;28999900;1;6307;3
2020-03-15;28999900;1;31767;1
2020-03-15;28999900;1;11193;2
2020-03-15;28999900;1;3963;3
2020-03-16;28999900;1;37017;1
2020-03-16;28999900;1;13367;2
2020-03-16;28999900;1;3518;3
2020-03-17;28999900;1;52583;1
2020-03-17;28999900;1;19609;2
2020-03-17;28999900;1;5616;3
2020-03-18;28999900;1;39197;1
2020-03-18;28999900;1;18646;2
2020-03-18;28999900;1;7603;3
2020-03-19;28999900;1;37877;1
2020-03-19;28999900;1;16227;2
2020-03-19;28999900;1;6425;3
2020-03-20;28999900;1;42528;1
2020-03-20;28999900;1;18306;2
2020-03-20;28999900;1;6602;3
2020-03-21;28999900;1;44893;1
2020-03-21;28999900;1;15684;2
2020-03-21;28999900;1;5006;3
2020-03-22;28999900;1;27924;1
2020-03-22;28999900;1;9994;2
2020-03-22;28999900;1;4562;3
2020-03-23;28999900;1;33620;1
2020-03-23;28999900;1;11189;2
2020-03-23;28999900;1;2312;3
2020-03-24;28999900;1;42678;1
2020-03-24;28999900;1;17846;2
2020-03-24;28999900;1;6197;3
2020-03-25;28999900;1;50330;1
2020-03-25;28999900;1;18857;2
2020-03-25;28999900;1;6272;3
2020-03-26;28999900;1;40550;1
2020-03-26;28999900;1;16860;2
2020-03-26;28999900;1;6055;3
2020-03-27;28999900;1;44741;1
2020-03-27;28999900;1;15391;2
2020-03-27;28999900;1;6909;3
2020-03-28;28999900;1;40522;1
2020-03-28;28999900;1;13938;2
2020-03-28;28999900;1;5651;3
2020-03-29;28999900;1;32269;1
2020-03-29;28999900;1;10769;2
2020-03-29;28999900;1;5417;3
2020-03-30;28999900;1;25409;1
2020-03-30;28999900;1;10414;2
2020-03-30;28999900;1;4289;3
2020-03-31;28999900;1;36230;1
2020-03-31;28999900;1;13776;2
2020-03-31;28999900;1;5436;3
2020-04-01;28999900;1;36344;1
2020-04-01;28999900;1;13086;2
2020-04-01;28999900;1;5505;3
2020-04-02;28999900;1;32314;1
2020-04-02;28999900;1;12606;2
2020-04-02;28999900;1;4722;3
2020-04-03;28999900;1;25857;1
2020-04-03;28999900;1;10291;2
2020-04-03;28999900;1;2800;3
2020-04-04;28999900;1;20518;1
2020-04-04;28999900;1;9901;2
2020-04-04;28999900;1;4190;3
2020-04-05;28999900;1;30900;1
2020-04-05;28999900;1;8347;2
2020-04-05;28999900;1;2585;3
2020-04-06;28999900;1;19021;1
2020-04-06;28999900;1;7882;2
2020-04-06;28999900;1;1929;3
2020-04-07;28999900;1;25739;1
2020-04-07;28999900;1;10183;2
2020-04-07;28999900;1;3416;3
2020-04-08;28999900;1;30821;1
2020-04-08;28999900;1;11454;2
2020-04-08;28999900;1;3990;3
2020-04-09;28999900;1;32544;1
2020-04-09;28999900;1;10780;2
2020-04-09;28999900;1;3006;3
2020-04-10;28999900;1;32521;1
2020-04-10;28999900;1;10458;2
2020-04-10;28999900;1;3822;3
2020-04-11;28999900;1;26091;1
2020-04-11;28999900;1;12964;2
2020-04-11;28999900;1;6529;3
2020-04-12;28999900;1;34222;1
2020-04-12;28999900;1;10007;2
2020-04-12;28999900;1;3986;3
2020-04-13;28999900;1;27092;1
2020-04-13;28999900;1;8721;2
2020-04-13;28999900;1;1968;3
2020-04-14;28999900;1;31914;1
2020-04-14;28999900;1;10143;2
2020-04-14;28999900;1;1994;3
2020-04-15;28999900;1;40883;1
2020-04-15;28999900;1;11484;2
2020-04-15;28999900;1;4478;3
2020-04-16;28999900;1;47512;1
2020-04-16;28999900;1;17361;2
2020-04-16;28999900;1;8391;3
2020-04-17;28999900;1;32502;1
2020-04-17;28999900;1;15989;2
2020-04-17;28999900;1;7729;3
2020-04-18;28999900;1;35547;1
2020-04-18;28999900;1;12738;2
2020-04-18;28999900;1;6130;3
2020-04-19;28999900;1;16701;1
2020-04-19;28999900;1;8224;2
2020-04-19;28999900;1;4944;3
2020-04-20;28999900;1;27348;1
2020-04-20;28999900;1;8693;2
2020-04-20;28999900;1;2359;3
2020-04-21;28999900;1;35528;1
2020-04-21;28999900;1;14853;2
2020-04-21;28999900;1;5914;3
2020-04-22;28999900;1;49217;1
2020-04-22;28999900;1;13174;2
2020-04-22;28999900;1;5189;3
2020-04-23;28999900;1;41234;1
2020-04-23;28999900;1;12488;2
2020-04-23;28999900;1;6377;3
2020-04-24;28999900;1;36920;1
2020-04-24;28999900;1;11667;2
2020-04-24;28999900;1;5121;3
2020-04-25;28999900;1;38287;1
2020-04-25;28999900;1;14489;2
2020-04-25;28999900;1;7572;3
2020-04-26;28999900;1;21192;1
2020-04-26;28999900;1;9157;2
2020-04-26;28999900;1;6325;3
2020-04-27;28999900;1;26797;1
2020-04-27;28999900;1;10757;2
2020-04-27;28999900;1;3907;3
2020-04-28;28999900;1;41502;1
2020-04-28;28999900;1;14159;2
2020-04-28;28999900;1;5857;3
2020-04-29;28999900;1;48165;1
2020-04-29;28999900;1;14389;2
2020-04-29;28999900;1;6196;3
2020-04-30;28999900;1;37508;1
2020-04-30;28999900;1;13311;2
2020-04-30;28999900;1;6963;3
2020-05-01;28999900;1;32596;1
2020-05-01;28999900;1;9899;2
2020-05-01;28999900;1;7294;3
2020-05-02;28999900;1;20205;1
2020-05-02;28999900;1;8513;2
2020-05-02;28999900;1;5796;3
2020-05-03;28999900;1;37383;1
2020-05-03;28999900;1;7221;2
2020-05-03;28999900;1;2492;3
2020-05-04;28999900;1;29805;1
2020-05-04;28999900;1;8245;2
2020-05-04;28999900;1;2435;3
2020-05-05;28999900;1;25861;1
2020-05-05;28999900;1;9453;2
2020-05-05;28999900;1;5231;3
2020-05-06;28999900;1;34512;1
2020-05-06;28999900;1;11288;2
2020-05-06;28999900;1;4877;3
2020-05-07;28999900;1;34846;1
2020-05-07;28999900;1;13575;2
2020-05-07;28999900;1;6390;3
2020-05-08;28999900;1;35242;1
2020-05-08;28999900;1;11735;2
2020-05-08;28999900;1;6561;3
2020-05-09;28999900;1;33541;1
2020-05-09;28999900;1;10350;2
2020-05-09;28999900;1;7773;3
2020-05-10;28999900;1;19600;1
2020-05-10;28999900;1;7789;2
2020-05-10;28999900;1;4916;3
2020-05-11;28999900;1;29561;1
2020-05-11;28999900;1;9879;2
2020-05-11;28999900;1;4122;3
2020-05-12;28999900;1;35571;1
2020-05-12;28999900;1;10487;2
2020-05-12;28999900;1;4750;3
2020-05-13;28999900;1;40489;1
2020-05-13;28999900;1;14302;2
2020-05-13;28999900;1;6591;3
2020-05-14;28999900;1;42113;1
2020-05-14;28999900;1;16142;2
2020-05-14;28999900;1;7994;3
2020-05-15;28999900;1;39880;1
2020-05-15;28999900;1;14450;2
2020-05-15;28999900;1;7585;3
2020-05-16;28999900;1;29678;1
2020-05-16;28999900;1;12394;2
2020-05-16;28999900;1;7169;3
2020-05-17;28999900;1;28945;1
2020-05-17;28999900;1;9719;2
2020-05-17;28999900;1;5058;3
2020-05-18;28999900;1;34322;1
2020-05-18;28999900;1;11428;2
2020-05-18;28999900;1;4622;3
2020-05-19;28999900;1;38878;1
2020-05-19;28999900;1;13787;2
2020-05-19;28999900;1;5655;3
2020-05-20;28999900;1;37956;1
2020-05-20;28999900;1;15348;2
2020-05-20;28999900;1;9009;3
2020-05-21;28999900;1;37946;1
2020-05-21;28999900;1;14194;2
2020-05-21;28999900;1;8003;3
2020-05-22;28999900;1;39241;1
2020-05-22;28999900;1;13699;2
2020-05-22;28999900;1;7427;3
2020-05-23;28999900;1;33728;1
2020-05-23;28999900;1;12396;2
2020-05-23;28999900;1;7767;3
2020-05-24;28999900;1;26269;1
2020-05-24;28999900;1;9770;2
2020-05-24;28999900;1;5796;3
2020-05-25;28999900;1;30366;1
2020-05-25;28999900;1;11557;2
2020-05-25;28999900;1;4409;3
2020-05-26;28999900;1;47411;1
2020-05-26;28999900;1;14708;2
2020-05-26;28999900;1;6654;3
2020-05-27;28999900;1;48236;1
2020-05-27;28999900;1;14973;2
2020-05-27;28999900;1;7543;3
2020-05-28;28999900;1;41046;1
2020-05-28;28999900;1;14775;2
2020-05-28;28999900;1;8152;3
2020-05-29;28999900;1;36221;1
2020-05-29;28999900;1;13872;2
2020-05-29;28999900;1;8019;3
2020-05-30;28999900;1;38981;1
2020-05-30;28999900;1;14165;2
2020-05-30;28999900;1;7127;3
2020-05-31;28999900;1;22906;1
2020-05-31;28999900;1;7382;2
2020-05-31;28999900;1;5852;3
2020-06-01;28999900;1;31696;1
2020-06-01;28999900;1;11902;2
2020-06-01;28999900;1;4238;3
2020-06-02;28999900;1;43207;1
2020-06-02;28999900;1;13763;2
2020-06-02;28999900;1;5587;3
2020-06-03;28999900;1;46867;1
2020-06-03;28999900;1;15357;2
2020-06-03;28999900;1;7646;3
2020-06-04;28999900;1;37398;1
2020-06-04;28999900;1;14643;2
2020-06-04;28999900;1;8072;3
2020-06-05;28999900;1;41249;1
2020-06-05;28999900;1;15162;2
2020-06-05;28999900;1;7745;3
2020-06-06;28999900;1;38039;1
2020-06-06;28999900;1;13160;2
2020-06-06;28999900;1;7091;3
2020-06-07;28999900;1;31216;1
2020-06-07;28999900;1;10384;2
2020-06-07;28999900;1;5511;3
2020-06-08;28999900;1;35458;1
2020-06-08;28999900;1;11830;2
2020-06-08;28999900;1;4695;3
2020-06-09;28999900;1;45925;1
2020-06-09;28999900;1;13517;2
2020-06-09;28999900;1;4951;3
2020-06-10;28999900;1;41374;1
2020-06-10;28999900;1;15654;2
2020-06-10;28999900;1;7801;3
2020-06-11;28999900;1;42162;1
2020-06-11;28999900;1;14477;2
2020-06-11;28999900;1;6868;3
2020-06-12;28999900;1;33641;1
2020-06-12;28999900;1;11281;2
2020-06-12;28999900;1;5539;3
2020-06-13;28999900;1;29062;1
2020-06-13;28999900;1;9433;2
2020-06-13;28999900;1;5004;3
2020-06-14;28999900;1;28175;1
2020-06-14;28999900;1;7302;2
2020-06-14;28999900;1;2919;3
2020-06-15;28999900;1;34910;1
2020-06-15;28999900;1;12824;2
2020-06-15;28999900;1;4136;3
2020-06-16;28999900;1;48244;1
2020-06-16;28999900;1;13726;2
2020-06-16;28999900;1;5150;3
2020-06-17;28999900;1;44370;1
2020-06-17;28999900;1;16177;2
2020-06-17;28999900;1;6805;3
2020-06-18;28999900;1;44174;1
2020-06-18;28999900;1;16729;2
2020-06-18;28999900;1;8375;3
2020-06-19;28999900;1;41593;1
2020-06-19;28999900;1;15009;2
2020-06-19;28999900;1;6220;3
2020-06-20;28999900;1;37823;1
2020-06-20;28999900;1;12289;2
2020-06-20;28999900;1;6008;3
2020-06-21;28999900;1;31099;1
2020-06-21;28999900;1;9594;2
2020-06-21;28999900;1;4507;3
2020-06-22;28999900;1;33593;1
2020-06-22;28999900;1;11203;2
2020-06-22;28999900;1;3285;3
2020-06-23;28999900;1;50486;1
2020-06-23;28999900;1;17424;2
2020-06-23;28999900;1;5579;3
2020-06-24;28999900;1;50512;1
2020-06-24;28999900;1;13940;2
2020-06-24;28999900;1;6181;3
2020-06-25;28999900;1;40999;1
2020-06-25;28999900;1;13776;2
2020-06-25;28999900;1;6184;3
2020-06-26;28999900;1;41453;1
2020-06-26;28999900;1;14749;2
2020-06-26;28999900;1;5797;3
2020-06-27;28999900;1;28037;1
2020-06-27;28999900;1;12365;2
2020-06-27;28999900;1;5656;3
2020-06-28;28999900;1;21998;1
2020-06-28;28999900;1;7725;2
2020-06-28;28999900;1;4492;3
2020-06-29;28999900;1;25791;1
2020-06-29;28999900;1;11383;2
2020-06-29;28999900;1;3766;3
2020-06-30;28999900;1;37461;1
2020-06-30;28999900;1;14821;2
2020-06-30;28999900;1;5286;3
2020-07-01;28999900;1;36878;1
2020-07-01;28999900;1;14143;2
2020-07-01;28999900;1;6663;3
2020-07-02;28999900;1;29924;1
2020-07-02;28999900;1;13759;2
2020-07-02;28999900;1;5886;3
2020-07-03;28999900;1;46527;1
2020-07-03;28999900;1;15210;2
2020-07-03;28999900;1;5494;3
2020-07-04;28999900;1;35576;1
2020-07-04;28999900;1;15129;2
2020-07-04;28999900;1;6783;3
2020-07-05;28999900;1;33007;1
2020-07-05;28999900;1;9909;2
2020-07-05;28999900;1;4764;3
2020-07-06;28999900;1;29293;1
2020-07-06;28999900;1;11125;2
2020-07-06;28999900;1;2989;3
2020-07-07;28999900;1;37605;1
2020-07-07;28999900;1;15920;2
2020-07-07;28999900;1;5565;3
2020-07-08;28999900;1;43572;1
2020-07-08;28999900;1;15156;2
2020-07-08;28999900;1;6159;3
2020-07-09;28999900;1;33998;1
2020-07-09;28999900;1;13973;2
2020-07-09;28999900;1;5644;3
2020-07-10;28999900;1;40907;1
2020-07-10;28999900;1;16403;2
2020-07-10;28999900;1;6469;3
2020-07-11;28999900;1;31102;1
2020-07-11;28999900;1;13835;2
2020-07-11;28999900;1;6332;3
2020-07-12;28999900;1;30875;1
2020-07-12;28999900;1;10590;2
2020-07-12;28999900;1;4367;3
2020-07-13;28999900;1;28482;1
2020-07-13;28999900;1;12233;2
2020-07-13;28999900;1;3100;3
2020-07-14;28999900;1;40336;1
2020-07-14;28999900;1;13919;2
2020-07-14;28999900;1;4472;3
2020-07-15;28999900;1;39321;1
2020-07-15;28999900;1;15210;2
2020-07-15;28999900;1;5699;3
2020-07-16;28999900;1;33254;1
2020-07-16;28999900;1;14884;2
2020-07-16;28999900;1;6529;3
2020-07-17;28999900;1;36747;1
2020-07-17;28999900;1;15354;2
2020-07-17;28999900;1;6532;3
2020-07-18;28999900;1;26498;1
2020-07-18;28999900;1;12491;2
2020-07-18;28999900;1;5817;3
2020-07-19;28999900;1;25204;1
2020-07-19;28999900;1;9882;2
2020-07-19;28999900;1;5438;3
2020-07-20;28999900;1;25242;1
2020-07-20;28999900;1;12249;2
2020-07-20;28999900;1;3018;3
2020-07-21;28999900;1;34840;1
2020-07-21;28999900;1;13328;2
2020-07-21;28999900;1;4522;3
2020-07-22;28999900;1;35904;1
2020-07-22;28999900;1;15044;2
2020-07-22;28999900;1;5897;3
2020-07-23;28999900;1;34029;1
2020-07-23;28999900;1;14980;2
2020-07-23;28999900;1;6764;3
2020-07-24;28999900;1;34209;1
2020-07-24;28999900;1;13670;2
2020-07-24;28999900;1;5406;3
2020-07-25;28999900;1;29127;1
2020-07-25;28999900;1;12221;2
2020-07-25;28999900;1;5651;3
2020-07-26;28999900;1;21498;1
2020-07-26;28999900;1;9648;2
2020-07-26;28999900;1;4794;3
2020-07-27;28999900;1;28305;1
2020-07-27;28999900;1;11085;2
2020-07-27;28999900;1;2369;3
2020-07-28;28999900;1;32431;1
2020-07-28;28999900;1;13668;2
2020-07-28;28999900;1;4564;3
2020-07-29;28999900;1;37366;1
2020-07-29;28999900;1;13539;2
2020-07-29;28999900;1;5268;3
2020-07-30;28999900;1;30050;1
2020-07-30;28999900;1;13348;2
2020-07-30;28999900;1;6334;3
2020-07-31;28999900;1;32649;1
2020-07-31;28999900;1;12653;2
2020-07-31;28999900;1;5221;3
2020-08-01;28999900;1;23177;1
2020-08-01;28999900;1;11643;2
2020-08-01;28999900;1;5890;3
2020-08-02;28999900;1;21533;1
2020-08-02;28999900;1;8301;2
2020-08-02;28999900;1;4317;3
2020-08-03;28999900;1;23604;1
2020-08-03;28999900;1;10967;2
2020-08-03;28999900;1;2816;3
2020-08-04;28999900;1;29017;1
2020-08-04;28999900;1;11874;2
2020-08-04;28999900;1;4624;3
2020-08-05;28999900;1;33370;1
2020-08-05;28999900;1;13310;2
2020-08-05;28999900;1;5909;3
2020-08-06;28999900;1;30521;1
2020-08-06;28999900;1;11954;2
2020-08-06;28999900;1;5739;3
2020-08-07;28999900;1;32551;1
2020-08-07;28999900;1;13428;2
2020-08-07;28999900;1;5821;3
2020-08-08;28999900;1;21071;1
2020-08-08;28999900;1;9465;2
2020-08-08;28999900;1;5269;3
2020-08-09;28999900;1;19850;1
2020-08-09;28999900;1;6394;2
2020-08-09;28999900;1;2921;3
2020-08-10;28999900;1;23658;1
2020-08-10;28999900;1;11445;2
2020-08-10;28999900;1;3962;3
2020-08-11;28999900;1;28029;1
2020-08-11;28999900;1;11470;2
2020-08-11;28999900;1;4208;3
2020-08-12;28999900;1;29308;1
2020-08-12;28999900;1;13608;2
2020-08-12;28999900;1;5368;3
2020-08-13;28999900;1;24363;1
2020-08-13;28999900;1;11182;2
2020-08-13;28999900;1;5154;3
2020-08-14;28999900;1;39711;1
2020-08-14;28999900;1;13738;2
2020-08-14;28999900;1;6436;3
2020-08-15;28999900;1;25175;1
2020-08-15;28999900;1;11311;2
2020-08-15;28999900;1;7434;3
2020-08-16;28999900;1;25148;1
2020-08-16;28999900;1;7680;2
2020-08-16;28999900;1;3590;3
2020-08-17;28999900;1;26600;1
2020-08-17;28999900;1;10740;2
2020-08-17;28999900;1;4449;3
2020-08-18;28999900;1;29663;1
2020-08-18;28999900;1;12599;2
2020-08-18;28999900;1;6714;3
2020-08-19;28999900;1;34168;1
2020-08-19;28999900;1;12981;2
2020-08-19;28999900;1;6573;3
2020-08-20;28999900;1;32114;1
2020-08-20;28999900;1;12225;2
2020-08-20;28999900;1;6833;3
2020-08-21;28999900;1;37242;1
2020-08-21;28999900;1;13319;2
2020-08-21;28999900;1;7004;3
2020-08-22;28999900;1;23087;1
2020-08-22;28999900;1;10283;2
2020-08-22;28999900;1;4898;3
2020-08-23;28999900;1;23682;1
2020-08-23;28999900;1;8697;2
2020-08-23;28999900;1;5078;3
2020-08-24;28999900;1;24402;1
2020-08-24;28999900;1;10213;2
2020-08-24;28999900;1;3612;3
2020-08-25;28999900;1;31340;1
2020-08-25;28999900;1;13196;2
2020-08-25;28999900;1;5358;3
2020-08-26;28999900;1;30716;1
2020-08-26;28999900;1;12834;2
2020-08-26;28999900;1;7280;3
2020-08-27;28999900;1;35704;1
2020-08-27;28999900;1;14818;2
2020-08-27;28999900;1;7243;3
2020-08-28;28999900;1;37059;1
2020-08-28;28999900;1;12975;2
2020-08-28;28999900;1;5422;3
2020-08-29;28999900;1;28163;1
2020-08-29;28999900;1;11133;2
2020-08-29;28999900;1;6107;3
2020-08-30;28999900;1;21884;1
2020-08-30;28999900;1;9474;2
2020-08-30;28999900;1;4874;3
2020-08-31;28999900;1;26447;1
2020-08-31;28999900;1;10618;2
2020-08-31;28999900;1;4140;3
2020-09-01;28999900;1;31795;1
2020-09-01;28999900;1;14224;2
2020-09-01;28999900;1;6055;3
2020-09-02;28999900;1;29160;1
2020-09-02;28999900;1;13306;2
2020-09-02;28999900;1;6722;3
2020-09-03;28999900;1;30468;1
2020-09-03;28999900;1;11993;2
2020-09-03;28999900;1;5798;3
2020-09-04;28999900;1;32026;1
2020-09-04;28999900;1;12878;2
2020-09-04;28999900;1;5976;3
2020-09-05;28999900;1;23502;1
2020-09-05;28999900;1;11839;2
2020-09-05;28999900;1;6504;3
2020-09-06;28999900;1;15326;1
2020-09-06;28999900;1;8125;2
2020-09-06;28999900;1;5378;3
2020-09-07;28999900;1;32270;1
2020-09-07;28999900;1;11188;2
2020-09-07;28999900;1;4304;3
2020-09-08;28999900;1;29982;1
2020-09-08;28999900;1;13766;2
2020-09-08;28999900;1;6173;3
2020-09-09;28999900;1;30551;1
2020-09-09;28999900;1;14304;2
2020-09-09;28999900;1;7273;3
2020-09-10;28999900;1;36134;1
2020-09-10;28999900;1;15659;2
2020-09-10;28999900;1;8303;3
2020-09-11;28999900;1;35576;1
2020-09-11;28999900;1;14330;2
2020-09-11;28999900;1;7634;3
2020-09-12;28999900;1;29758;1
2020-09-12;28999900;1;12465;2
2020-09-12;28999900;1;7360;3
2020-09-13;28999900;1;17412;1
2020-09-13;28999900;1;7821;2
2020-09-13;28999900;1;5587;3
2020-09-14;28999900;1;37305;1
2020-09-14;28999900;1;13913;2
2020-09-14;28999900;1;4071;3
2020-09-15;28999900;1;33879;1
2020-09-15;28999900;1;13880;2
2020-09-15;28999900;1;6376;3
2020-09-16;28999900;1;33495;1
2020-09-16;28999900;1;13611;2
2020-09-16;28999900;1;6798;3
2020-09-17;28999900;1;34501;1
2020-09-17;28999900;1;15906;2
2020-09-17;28999900;1;8060;3
2020-09-18;28999900;1;40347;1
2020-09-18;28999900;1;13994;2
2020-09-18;28999900;1;7188;3
2020-09-19;28999900;1;28827;1
2020-09-19;28999900;1;12623;2
2020-09-19;28999900;1;8272;3
2020-09-20;28999900;1;21008;1
2020-09-20;28999900;1;9910;2
2020-09-20;28999900;1;5645;3
2020-09-21;28999900;1;32572;1
2020-09-21;28999900;1;12072;2
2020-09-21;28999900;1;3525;3
2020-09-22;28999900;1;33192;1
2020-09-22;28999900;1;14279;2
2020-09-22;28999900;1;5777;3
2020-09-23;28999900;1;31763;1
2020-09-23;28999900;1;14399;2
2020-09-23;28999900;1;7138;3
2020-09-24;28999900;1;35297;1
2020-09-24;28999900;1;13278;2
2020-09-24;28999900;1;8205;3
2020-09-25;28999900;1;40504;1
2020-09-25;28999900;1;14933;2
2020-09-25;28999900;1;8527;3
2020-09-26;28999900;1;36684;1
2020-09-26;28999900;1;13135;2
2020-09-26;28999900;1;6891;3
2020-09-27;28999900;1;19472;1
2020-09-27;28999900;1;8928;2
2020-09-27;28999900;1;5709;3
2020-09-28;28999900;1;31350;1
2020-09-28;28999900;1;10769;2
2020-09-28;28999900;1;4427;3
2020-09-29;28999900;1;42184;1
2020-09-29;28999900;1;15030;2
2020-09-29;28999900;1;5302;3
2020-09-30;28999900;1;31818;1
2020-09-30;28999900;1;14737;2
2020-09-30;28999900;1;7791;3
2020-10-01;28999900;1;36770;1
2020-10-01;28999900;1;15135;2
2020-10-01;28999900;1;7751;3
2020-10-02;28999900;1;37668;1
2020-10-02;28999900;1;14229;2
2020-10-02;28999900;1;6451;3
2020-10-03;28999900;1;27084;1
2020-10-03;28999900;1;11913;2
2020-10-03;28999900;1;7669;3
2020-10-04;28999900;1;30730;1
2020-10-04;28999900;1;9090;2
2020-10-04;28999900;1;5645;3
2020-10-05;28999900;1;29158;1
2020-10-05;28999900;1;11838;2
2020-10-05;28999900;1;4161;3
2020-10-06;28999900;1;29225;1
2020-10-06;28999900;1;12251;2
2020-10-06;28999900;1;5725;3
2020-10-07;28999900;1;40779;1
2020-10-07;28999900;1;15219;2
2020-10-07;28999900;1;7505;3
2020-10-08;28999900;1;33640;1
2020-10-08;28999900;1;15083;2
2020-10-08;28999900;1;8410;3
2020-10-09;28999900;1;34454;1
2020-10-09;28999900;1;13214;2
2020-10-09;28999900;1;7413;3
2020-10-10;28999900;1;32151;1
2020-10-10;28999900;1;11638;2
2020-10-10;28999900;1;7479;3
2020-10-11;28999900;1;29318;1
2020-10-11;28999900;1;10394;2
2020-10-11;28999900;1;4589;3
2020-10-12;28999900;1;31988;1
2020-10-12;28999900;1;11140;2
2020-10-12;28999900;1;4491;3
2020-10-13;28999900;1;33183;1
2020-10-13;28999900;1;13653;2
2020-10-13;28999900;1;7000;3
2020-10-14;28999900;1;34956;1
2020-10-14;28999900;1;13112;2
2020-10-14;28999900;1;7571;3
2020-10-15;28999900;1;41262;1
2020-10-15;28999900;1;15014;2
2020-10-15;28999900;1;7832;3
2020-10-16;28999900;1;33163;1
2020-10-16;28999900;1;12726;2
2020-10-16;28999900;1;7537;3
2020-10-17;28999900;1;25258;1
2020-10-17;28999900;1;12619;2
2020-10-17;28999900;1;8179;3
2020-10-18;28999900;1;33449;1
2020-10-18;28999900;1;10186;2
2020-10-18;28999900;1;6254;3
2020-10-19;28999900;1;36920;1
2020-10-19;28999900;1;11818;2
2020-10-19;28999900;1;4017;3
2020-10-20;28999900;1;41559;1
2020-10-20;28999900;1;14202;2
2020-10-20;28999900;1;6048;3
2020-10-21;28999900;1;32637;1
2020-10-21;28999900;1;13377;2
2020-10-21;28999900;1;6889;3
2020-10-22;28999900;1;37893;1
2020-10-22;28999900;1;14834;2
2020-10-22;28999900;1;8264;3
2020-10-23;28999900;1;38630;1
2020-10-23;28999900;1;15446;2
2020-10-23;28999900;1;7721;3
2020-10-24;28999900;1;32022;1
2020-10-24;28999900;1;15661;2
2020-10-24;28999900;1;8243;3
2020-10-25;28999900;1;22107;1
2020-10-25;28999900;1;8626;2
2020-10-25;28999900;1;6842;3
2020-10-26;28999900;1;29060;1
2020-10-26;28999900;1;11678;2
2020-10-26;28999900;1;4826;3
2020-10-27;28999900;1;46370;1
2020-10-27;28999900;1;16027;2
2020-10-27;28999900;1;6929;3
2020-10-28;28999900;1;37214;1
2020-10-28;28999900;1;15333;2
2020-10-28;28999900;1;8337;3
2020-10-29;28999900;1;37712;1
2020-10-29;28999900;1;14985;2
2020-10-29;28999900;1;9279;3
2020-10-30;28999900;1;40632;1
2020-10-30;28999900;1;13785;2
2020-10-30;28999900;1;7911;3
2020-10-31;28999900;1;34310;1
2020-10-31;28999900;1;11197;2
2020-10-31;28999900;1;7112;3
2020-11-01;28999900;1;21162;1
2020-11-01;28999900;1;8843;2
2020-11-01;28999900;1;6202;3
2020-11-02;28999900;1;33230;1
2020-11-02;28999900;1;13111;2
2020-11-02;28999900;1;4201;3
2020-11-03;28999900;1;44483;1
2020-11-03;28999900;1;14788;2
2020-11-03;28999900;1;6944;3
2020-11-04;28999900;1;42417;1
2020-11-04;28999900;1;13609;2
2020-11-04;28999900;1;7518;3
2020-11-05;28999900;1;31141;1
2020-11-05;28999900;1;13215;2
2020-11-05;28999900;1;8873;3
2020-11-06;28999900;1;36151;1
2020-11-06;28999900;1;14041;2
2020-11-06;28999900;1;6695;3
2020-11-07;28999900;1;38547;1
2020-11-07;28999900;1;13707;2
2020-11-07;28999900;1;6906;3
2020-11-08;28999900;1;36528;1
2020-11-08;28999900;1;11804;2
2020-11-08;28999900;1;6501;3
2020-11-09;28999900;1;27126;1
2020-11-09;28999900;1;12702;2
2020-11-09;28999900;1;4120;3
2020-11-10;28999900;1;37607;1
2020-11-10;28999900;1;14020;2
2020-11-10;28999900;1;6143;3
2020-11-11;28999900;1;33515;1
2020-11-11;28999900;1;13511;2
2020-11-11;28999900;1;8184;3
2020-11-12;28999900;1;44632;1
2020-11-12;28999900;1;15324;2
2020-11-12;28999900;1;7469;3
2020-11-13;28999900;1;52038;1
2020-11-13;28999900;1;17155;2
2020-11-13;28999900;1;7530;3
2020-11-14;28999900;1;33175;1
2020-11-14;28999900;1;10897;2
2020-11-14;28999900;1;6328;3
2020-11-15;28999900;1;34772;1
2020-11-15;28999900;1;10721;2
2020-11-15;28999900;1;6834;3
2020-11-16;28999900;1;28976;1
2020-11-16;28999900;1;11704;2
2020-11-16;28999900;1;6686;3
2020-11-17;28999900;1;37256;1
2020-11-17;28999900;1;14216;2
2020-11-17;28999900;1;5861;3
2020-11-18;28999900;1;45855;1
2020-11-18;28999900;1;15681;2
2020-11-18;28999900;1;7977;3
2020-11-19;28999900;1;42699;1
2020-11-19;28999900;1;15885;2
2020-11-19;28999900;1;9780;3
2020-11-20;28999900;1;39749;1
2020-11-20;28999900;1;14538;2
2020-11-20;28999900;1;6404;3
2020-11-21;28999900;1;47922;1
2020-11-21;28999900;1;16482;2
2020-11-21;28999900;1;10306;3
2020-11-22;28999900;1;27650;1
2020-11-22;28999900;1;8620;2
2020-11-22;28999900;1;3948;3
2020-11-23;28999900;1;37355;1
2020-11-23;28999900;1;13928;2
2020-11-23;28999900;1;6323;3
2020-11-24;28999900;1;54835;1
2020-11-24;28999900;1;18040;2
2020-11-24;28999900;1;7689;3
2020-11-25;28999900;1;41579;1
2020-11-25;28999900;1;16449;2
2020-11-25;28999900;1;7990;3
2020-11-26;28999900;1;37281;1
2020-11-26;28999900;1;15514;2
2020-11-26;28999900;1;9360;3
2020-11-27;28999900;1;48512;1
2020-11-27;28999900;1;18536;2
2020-11-27;28999900;1;9420;3
2020-11-28;28999900;1;44578;1
2020-11-28;28999900;1;14919;2
2020-11-28;28999900;1;9452;3
2020-11-29;28999900;1;47850;1
2020-11-29;28999900;1;15645;2
2020-11-29;28999900;1;7763;3
2020-11-30;28999900;1;53457;1
2020-11-30;28999900;1;15038;2
2020-11-30;28999900;1;6161;3
2020-12-01;28999900;1;56055;1
2020-12-01;28999900;1;20303;2
2020-12-01;28999900;1;6382;3
2020-12-02;28999900;1;49481;1
2020-12-02;28999900;1;20428;2
2020-12-02;28999900;1;12129;3
2020-12-03;28999900;1;50922;1
2020-12-03;28999900;1;19468;2
2020-12-03;28999900;1;9647;3
2020-12-04;28999900;1;42294;1
2020-12-04;28999900;1;19215;2
2020-12-04;28999900;1;9484;3
2020-12-05;28999900;1;44500;1
2020-12-05;28999900;1;15589;2
2020-12-05;28999900;1;8876;3
2020-12-06;28999900;1;30764;1
2020-12-06;28999900;1;11954;2
2020-12-06;28999900;1;6938;3
2020-12-07;28999900;1;44584;1
2020-12-07;28999900;1;16264;2
2020-12-07;28999900;1;7337;3
2020-12-08;28999900;1;43008;1
2020-12-08;28999900;1;18885;2
2020-12-08;28999900;1;7129;3
2020-12-09;28999900;1;44672;1
2020-12-09;28999900;1;18489;2
2020-12-09;28999900;1;10163;3
2020-12-10;28999900;1;57526;1
2020-12-10;28999900;1;20016;2
2020-12-10;28999900;1;8956;3
2020-12-11;28999900;1;49540;1
2020-12-11;28999900;1;23102;2
2020-12-11;28999900;1;12585;3
2020-12-12;28999900;1;38579;1
2020-12-12;28999900;1;17670;2
2020-12-12;28999900;1;9778;3
2020-12-13;28999900;1;34930;1
2020-12-13;28999900;1;12788;2
2020-12-13;28999900;1;7711;3
2020-12-14;28999900;1;37844;1
2020-12-14;28999900;1;15226;2
2020-12-14;28999900;1;5462;3
2020-12-15;28999900;1;43862;1
2020-12-15;28999900;1;19221;2
2020-12-15;28999900;1;7637;3
2020-12-16;28999900;1;48222;1
2020-12-16;28999900;1;20317;2
2020-12-16;28999900;1;9440;3
2020-12-17;28999900;1;50278;1
2020-12-17;28999900;1;21578;2
2020-12-17;28999900;1;11372;3
2020-12-18;28999900;1;51119;1
2020-12-18;28999900;1;19971;2
2020-12-18;28999900;1;9920;3
2020-12-19;28999900;1;41349;1
2020-12-19;28999900;1;19176;2
2020-12-19;28999900;1;8998;3
2020-12-20;28999900;1;28937;1
2020-12-20;28999900;1;13023;2
2020-12-20;28999900;1;7412;3
2020-12-21;28999900;1;33677;1
2020-12-21;28999900;1;16262;2
2020-12-21;28999900;1;6687;3
2020-12-22;28999900;1;51463;1
2020-12-22;28999900;1;21851;2
2020-12-22;28999900;1;9453;3
2020-12-23;28999900;1;48721;1
2020-12-23;28999900;1;21274;2
2020-12-23;28999900;1;10000;3
2020-12-24;28999900;1;50842;1
2020-12-24;28999900;1;24187;2
2020-12-24;28999900;1;12949;3
2020-12-25;28999900;1;45487;1
2020-12-25;28999900;1;18825;2
2020-12-25;28999900;1;8559;3
2020-12-26;28999900;1;48309;1
2020-12-26;28999900;1;20420;2
2020-12-26;28999900;1;8628;3
2020-12-27;28999900;1;32663;1
2020-12-27;28999900;1;16463;2
2020-12-27;28999900;1;10226;3
2020-12-28;28999900;1;29512;1
2020-12-28;28999900;1;14048;2
2020-12-28;28999900;1;5345;3
2020-12-29;28999900;1;42109;1
2020-12-29;28999900;1;21389;2
2020-12-29;28999900;1;6305;3
2020-12-30;28999900;1;36639;1
2020-12-30;28999900;1;19259;2
2020-12-30;28999900;1;8011;3
2020-12-31;28999900;1;22448;1
2020-12-31;28999900;1;12189;2
2020-12-31;28999900;1;7640;3
2021-01-01;28999900;1;1;2
2021-01-02;28999900;1;1;1
2021-01-02;28999900;1;26;2
2021-01-02;28999900;1;4;3
2021-01-03;28999900;1;21268;1
2021-01-03;28999900;1;7580;2
2021-01-03;28999900;1;4391;3
2021-01-04;28999900;1;33997;1
2021-01-04;28999900;1;9958;2
2021-01-04;28999900;1;1860;3
2021-01-05;28999900;1;28988;1
2021-01-05;28999900;1;10852;2
2021-01-05;28999900;1;4014;3
2021-01-06;28999900;1;21282;1
2021-01-06;28999900;1;7592;2
2021-01-06;28999900;1;5621;3
2021-01-07;28999900;1;21537;1
2021-01-07;28999900;1;9813;2
2021-01-07;28999900;1;6782;3
2021-01-08;28999900;1;18549;1
2021-01-08;28999900;1;8478;2
2021-01-08;28999900;1;2507;3
2021-01-09;28999900;1;25497;1
2021-01-09;28999900;1;8189;2
2021-01-09;28999900;1;4565;3
2021-01-10;28999900;1;22294;1
2021-01-10;28999900;1;7363;2
2021-01-10;28999900;1;4262;3
2021-01-11;28999900;1;32491;1
2021-01-11;28999900;1;10264;2
2021-01-11;28999900;1;3186;3
2021-01-12;28999900;1;42095;1
2021-01-12;28999900;1;15568;2
2021-01-12;28999900;1;6322;3
2021-01-13;28999900;1;41889;1
2021-01-13;28999900;1;14523;2
2021-01-13;28999900;1;6547;3
2021-01-14;28999900;1;37449;1
2021-01-14;28999900;1;15343;2
2021-01-14;28999900;1;8807;3
2021-01-15;28999900;1;34201;1
2021-01-15;28999900;1;13676;2
2021-01-15;28999900;1;8457;3
2021-01-16;28999900;1;27770;1
2021-01-16;28999900;1;14744;2
2021-01-16;28999900;1;7105;3
2021-01-17;28999900;1;24144;1
2021-01-17;28999900;1;11452;2
2021-01-17;28999900;1;7137;3
2021-01-18;28999900;1;28145;1
2021-01-18;28999900;1;12252;2
2021-01-18;28999900;1;4066;3
2021-01-19;28999900;1;41161;1
2021-01-19;28999900;1;19546;2
2021-01-19;28999900;1;7153;3
2021-01-20;28999900;1;36224;1
2021-01-20;28999900;1;17515;2
2021-01-20;28999900;1;10662;3
2021-01-21;28999900;1;35836;1
2021-01-21;28999900;1;16325;2
2021-01-21;28999900;1;9520;3
2021-01-22;28999900;1;29774;1
2021-01-22;28999900;1;14768;2
2021-01-22;28999900;1;9837;3
2021-01-23;28999900;1;30872;1
2021-01-23;28999900;1;18108;2
2021-01-23;28999900;1;10176;3
2021-01-24;28999900;1;24859;1
2021-01-24;28999900;1;11712;2
2021-01-24;28999900;1;6586;3
2021-01-25;28999900;1;22990;1
2021-01-25;28999900;1;10505;2
2021-01-25;28999900;1;5125;3
2021-01-26;28999900;1;43638;1
2021-01-26;28999900;1;17422;2
2021-01-26;28999900;1;6571;3
2021-01-27;28999900;1;37643;1
2021-01-27;28999900;1;16610;2
2021-01-27;28999900;1;10648;3
2021-01-28;28999900;1;39472;1
2021-01-28;28999900;1;16964;2
2021-01-28;28999900;1;10609;3
2021-01-29;28999900;1;28070;1
2021-01-29;28999900;1;15455;2
2021-01-29;28999900;1;10326;3
2021-01-30;28999900;1;33479;1
2021-01-30;28999900;1;14785;2
2021-01-30;28999900;1;9058;3
2021-01-31;28999900;1;19175;1
2021-01-31;28999900;1;8920;2
2021-01-31;28999900;1;6672;3
2021-02-01;28999900;1;27003;1
2021-02-01;28999900;1;11274;2
2021-02-01;28999900;1;3876;3
2021-02-02;28999900;1;37032;1
2021-02-02;28999900;1;15293;2
2021-02-02;28999900;1;7405;3
2021-02-03;28999900;1;40104;1
2021-02-03;28999900;1;17539;2
2021-02-03;28999900;1;9632;3
2021-02-04;28999900;1;35739;1
2021-02-04;28999900;1;15913;2
2021-02-04;28999900;1;10014;3
2021-02-05;28999900;1;34505;1
2021-02-05;28999900;1;17391;2
2021-02-05;28999900;1;9908;3
2021-02-06;28999900;1;30020;1
2021-02-06;28999900;1;14547;2
2021-02-06;28999900;1;9391;3
2021-02-07;28999900;1;18036;1
2021-02-07;28999900;1;9270;2
2021-02-07;28999900;1;5951;3
2021-02-08;28999900;1;24125;1
2021-02-08;28999900;1;13565;2
2021-02-08;28999900;1;5034;3
2021-02-09;28999900;1;35137;1
2021-02-09;28999900;1;15459;2
2021-02-09;28999900;1;7307;3
2021-02-10;28999900;1;35793;1
2021-02-10;28999900;1;16918;2
2021-02-10;28999900;1;10865;3
2021-02-11;28999900;1;31773;1
2021-02-11;28999900;1;15572;2
2021-02-11;28999900;1;10849;3
2021-02-12;28999900;1;26188;1
2021-02-12;28999900;1;12741;2
2021-02-12;28999900;1;7575;3
2021-02-13;28999900;1;26996;1
2021-02-13;28999900;1;13083;2
2021-02-13;28999900;1;8257;3
2021-02-14;28999900;1;21813;1
2021-02-14;28999900;1;10649;2
2021-02-14;28999900;1;5539;3
2021-02-15;28999900;1;25859;1
2021-02-15;28999900;1;12912;2
2021-02-15;28999900;1;6590;3
2021-02-16;28999900;1;33787;1
2021-02-16;28999900;1;15605;2
2021-02-16;28999900;1;7309;3
2021-02-17;28999900;1;36095;1
2021-02-17;28999900;1;14982;2
2021-02-17;28999900;1;8785;3
2021-02-18;28999900;1;37786;1
2021-02-18;28999900;1;18826;2
2021-02-18;28999900;1;10846;3
2021-02-19;28999900;1;37123;1
2021-02-19;28999900;1;16904;2
2021-02-19;28999900;1;9932;3
2021-02-20;28999900;1;32122;1
2021-02-20;28999900;1;15372;2
2021-02-20;28999900;1;10414;3
2021-02-21;28999900;1;26641;1
2021-02-21;28999900;1;12865;2
2021-02-21;28999900;1;8536;3
2021-02-22;28999900;1;22511;1
2021-02-22;28999900;1;12860;2
2021-02-22;28999900;1;7616;3
2021-02-23;28999900;1;21657;1
2021-02-23;28999900;1;10853;2
2021-02-23;28999900;1;7849;3
2021-02-24;28999900;1;26569;1
2021-02-24;28999900;1;10184;2
2021-02-24;28999900;1;4015;3
2021-02-25;28999900;1;32810;1
2021-02-25;28999900;1;14888;2
2021-02-25;28999900;1;7926;3
2021-02-26;28999900;1;35780;1
2021-02-26;28999900;1;15079;2
2021-02-26;28999900;1;9010;3
2021-02-27;28999900;1;27541;1
2021-02-27;28999900;1;15017;2
2021-02-27;28999900;1;10373;3
2021-02-28;28999900;1;22763;1
2021-02-28;28999900;1;10611;2
2021-02-28;28999900;1;7752;3
2021-03-01;28999900;1;24087;1
2021-03-01;28999900;1;11492;2
2021-03-01;28999900;1;4966;3
2021-03-02;28999900;1;35450;1
2021-03-02;28999900;1;16485;2
2021-03-02;28999900;1;8390;3
2021-03-03;28999900;1;40411;1
2021-03-03;28999900;1;19563;2
2021-03-03;28999900;1;11087;3
2021-03-04;28999900;1;22600;1
2021-03-04;28999900;1;13233;2
2021-03-04;28999900;1;9837;3
2021-03-05;28999900;1;28309;1
2021-03-05;28999900;1;14790;2
2021-03-05;28999900;1;11389;3
2021-03-06;28999900;1;24971;1
2021-03-06;28999900;1;15135;2
2021-03-06;28999900;1;11978;3
2021-03-07;28999900;1;12566;1
2021-03-07;28999900;1;8390;2
2021-03-07;28999900;1;6154;3
2021-03-08;28999900;1;12941;1
2021-03-08;28999900;1;7497;2
2021-03-08;28999900;1;4068;3
2021-03-09;28999900;1;21903;1
2021-03-09;28999900;1;6980;2
2021-03-09;28999900;1;3704;3
2021-03-10;28999900;1;28338;1
2021-03-10;28999900;1;10683;2
2021-03-10;28999900;1;12718;3
2021-03-11;28999900;1;29263;1
2021-03-11;28999900;1;12202;2
2021-03-11;28999900;1;14701;3
2021-03-12;28999900;1;23600;1
2021-03-12;28999900;1;9934;2
2021-03-12;28999900;1;13688;3
2021-03-13;28999900;1;23767;1
2021-03-13;28999900;1;10076;2
2021-03-13;28999900;1;13910;3
2021-03-14;28999900;1;16385;1
2021-03-14;28999900;1;7249;2
2021-03-14;28999900;1;8596;3
2021-03-15;28999900;1;17369;1
2021-03-15;28999900;1;8307;2
2021-03-15;28999900;1;9048;3
2021-03-16;28999900;1;28939;1
2021-03-16;28999900;1;9231;2
2021-03-16;28999900;1;12117;3
2021-03-17;28999900;1;26447;1
2021-03-17;28999900;1;7158;2
2021-03-17;28999900;1;11523;3
2021-03-18;28999900;1;27763;1
2021-03-18;28999900;1;9250;2
2021-03-18;28999900;1;13333;3
2021-03-19;28999900;1;24391;1
2021-03-19;28999900;1;9631;2
2021-03-19;28999900;1;15848;3
2021-03-20;28999900;1;25650;1
2021-03-20;28999900;1;9201;2
2021-03-20;28999900;1;13390;3
2021-03-21;28999900;1;16266;1
2021-03-21;28999900;1;6493;2
2021-03-21;28999900;1;10174;3
2021-03-22;28999900;1;19353;1
2021-03-22;28999900;1;6542;2
2021-03-22;28999900;1;7066;3
2021-03-23;28999900;1;24552;1
2021-03-23;28999900;1;8409;2
2021-03-23;28999900;1;12435;3
2021-03-24;28999900;1;25109;1
2021-03-24;28999900;1;9543;2
2021-03-24;28999900;1;13517;3
